Workbook

Sheet Dashboard
B1: SAKARYA PROJECT - INSPECTION & TEST PLAN — PIPE PRODUCTION TRACKING
B2: Input | C2: =E4 -> 170
B3: Seq. n° | C3: ITP Step | D3: Section | E3: Count | F3: Yield vs Input | G3: Loss vs Input | H3: Cumul. Loss | I3: Remarks
B4: 1 | C4: Incoming Plate | D4: Forming | E4: =Pivot!J7 -> 170 | F4: =IF(E4="N/A","",E4/170) -> 1 | G4: =170-E4 -> 0 | H4: =170-E4 -> 0
B5: 2 | C5: Pipe Forming | D5: Forming | E5: =Pivot!J8 -> 170 | F5: =IF(E5="N/A","",E5/170) -> 1 | G5: =170-E5 -> 0 | H5: =170-E5 -> 0
B6: 3 | C6: Tack Welding | D6: Forming | E6: =Pivot!J9 -> 170 | F6: =IF(E6="N/A","",E6/170) -> 1 | G6: =170-E6 -> 0 | H6: =170-E6 -> 0
B7: 4 | C7: ID SAWL | D7: Forming | E7: =Pivot!J10 -> 170 | F7: =IF(E7="N/A","",E7/170) -> 1 | G7: =170-E7 -> 0 | H7: =170-E7 -> 0
B8: 5 | C8: OD SAWL | D8: Forming | E8: =Pivot!J11 -> 170 | F8: =IF(E8="N/A","",E8/170) -> 1 | G8: =170-E8 -> 0 | H8: =170-E8 -> 0
B9: 6 | C9: AUT1 | D9: Welding & NDT | E9: =Pivot!J12 -> 170 | F9: =IF(E9="N/A","",E9/170) -> 1 | G9: =170-E9 -> 0 | H9: =170-E9 -> 0
B10: 7 | C10: Fluoroscopic | D10: Welding & NDT | E10: =Pivot!J13 -> 12 | F10: =IF(E10="N/A","",E10/170) -> 0.070588235 | G10: =170-E10 -> 158 | H10: =170-E10 -> 158
B11: 8 | C11: Welding Repair | D11: Welding & NDT | E11: =Pivot!J14 -> 4 | F11: =IF(E11="N/A","",E11/170) -> 0.023529412 | G11: 4 | H11: 4
B12: 9 | C12: MCE1 | D12: Mechanical | E12: =Pivot!J15 -> 164 | F12: =IF(E12="N/A","",E12/170) -> 0.96470588 | G12: =170-E12 -> 6 | H12: =170-E12 -> 6
B13: 10 | C13: MCE2 | D13: Mechanical | E13: =Pivot!J16 -> 0 | F13: — | G13: — | H13: —
B14: 11 | C14: MCE Inspection | D14: Mechanical | E14: =Pivot!J17 -> 164 | F14: =IF(E14="N/A","",E14/170) -> 0.96470588 | G14: =170-E14 -> 6 | H14: =170-E14 -> 6
B15: 12 | C15: Straightness Re-work | D15: Mechanical | E15: =Pivot!J18 -> 6 | F15: — | G15: — | H15: —
B16: 13 | C16: Hydro Test | D16: Testing | E16: =Pivot!J19 -> 158 | F16: =IF(E16="N/A","",E16/170) -> 0.92941176 | G16: =170-E16 -> 12 | H16: =170-E16 -> 12
B17: 14 | C17: AUT2 | D17: Testing | E17: =Pivot!J20 -> 0 | F17: — | G17: — | H17: —
B18: 15 | C18: Phase Arr. | D18: Testing | E18: =Pivot!J21 -> 158 | F18: =IF(E18="N/A","",E18/170) -> 0.92941176 | G18: =170-E18 -> 12 | H18: =170-E18 -> 12
B19: 16 | C19: MUT | D19: Testing | E19: =Pivot!J22 -> 158 | F19: =IF(E19="N/A","",E19/170) -> 0.92941176 | G19: =170-E19 -> 12 | H19: =170-E19 -> 12
B20: 17 | C20: End UT | D20: Testing | E20: =Pivot!J23 -> 157 | F20: =IF(E20="N/A","",E20/170) -> 0.92352941 | G20: =170-E20 -> 13 | H20: =170-E20 -> 13
B21: 18 | C21: X-Ray | D21: Testing | E21: =Pivot!J24 -> 156 | F21: =IF(E21="N/A","",E21/170) -> 0.91764706 | G21: =170-E21 -> 14 | H21: =170-E21 -> 14
B22: 19 | C22: OoR Pipe Body | D22: Dimensional & Final | E22: =Pivot!J25 -> 156 | F22: =IF(E22="N/A","",E22/170) -> 0.91764706 | G22: =170-E22 -> 14 | H22: =170-E22 -> 14
B23: 20 | C23: Dimensional 1 | D23: Dimensional & Final | E23: =Pivot!J26 -> 150 | F23: =IF(E23="N/A","",E23/170) -> 0.88235294 | G23: =170-E23 -> 20 | H23: =170-E23 -> 20
B24: 21 | C24: Dimensional 2 | D24: Dimensional & Final | E24: =Pivot!J27 -> 149 | F24: =IF(E24="N/A","",E24/170) -> 0.87647059 | G24: =170-E24 -> 21 | H24: =170-E24 -> 21
B25: 22 | C25: MPI | D25: Dimensional & Final | E25: =Pivot!J28 -> 149 | F25: =IF(E25="N/A","",E25/170) -> 0.87647059 | G25: =170-E25 -> 21 | H25: =170-E25 -> 21
B26: 23 | C26: UT DHC | D26: Dimensional & Final | E26: =Pivot!J29 -> 147 | F26: =IF(E26="N/A","",E26/170) -> 0.86470588 | G26: =170-E26 -> 23 | H26: =170-E26 -> 23
B27: 24 | C27: Final Mark & Weigh | D27: Dimensional & Final | E27: =Pivot!J30 -> 149 | F27: =IF(E27="N/A","",E27/170) -> 0.87647059 | G27: =170-E27 -> 21 | H27: =170-E27 -> 21
B30: SUMMARY
B31: Total Pipes | F31: =E4 -> 170
B32: Total pipes Accepted | F32: =E27 -> 149
B33: Overall Status % | F33: =F32/F31 -> 0.87647059
B34: Welding Repair | F34: 47

Sheet MPQT - WPQT
A1: Overview MPQT / WPQT SAWL Line Pipe - Lab Tests Control Table SAKARYA PROJECT
A2: OD X WT (in X in) | B2: WPS Nº | C2: Pipe Nº | D2: Heat N° | E2: Tenaris Labs Report | F2: Chemical Compos. Analysis | H2: Tensile Tests | Q2: Transversal Compression Test | S2: BM CVN Impact Testing -30°C | U2: CVN Impact Testing of the Weld Seam @ -30°C | AH2: CVN Impact Testing Transition Curve Base Metal @ +20°C to -120°C | AJ2: Drop Weight Tear Testing (DWTT) | AL2: CTOD (AF) | AO2: CTOD (AC) | AR2: Grain Size BM | AS2: Guided Bend Tests | AV2: VicKers Hardness Tests | AY2: Macrographic Test | AZ2: Flux Humidity (Karl Fischer) | BA2: Ring Splitting Test | BC2: HIC | BE2: SSC | BG2: Remarks
F3: BM | G3: WM | H3: Longitudinal BM | I3: Longitudinal BM (Coated) | J3: Transversal BM | K3: Transversal BM (Coated) | L3: Transversal WM | M3: Transversal WM (DNV) | N3: Transversal WM (Coated) | O3: ID and OD All Weld | P3: All Weld (Coated) | Q3: Without Inline Heat Treatment | R3: Inline Heat Treatment (Coated) | S3: AF | T3: Coated | U3: OD Weld Metal | V3: OD Weld FL | W3: OD Weld FL +2mm | X3: OD Weld FL +5mm | Y3: Root Weld Metal | Z3: Root Weld FL | AA3: Root Weld FL +2mm | AB3: Root Weld FL +5mm | AC3: ID Weld Metal | AD3: ID Weld FL | AE3: ID Weld FL +2mm | AF3: ID Weld FL +5mm | AG3: WM (Coated) | AH3: AF | AI3: AF (Aged) | AJ3: AF | AK3: Transition Curve | AL3: BM | AM3: WM | AN3: HAZ | AO3: BM | AP3: WM | AQ3: HAZ | AS3: OD | AT3: ID | AU3: Side | AV3: BM | AW3: HAZ | AX3: WM | AY3: Interpenetration | AZ3: WPQT | BA3: AF | BB3: AC | BC3: BM | BD3: WM | BE3: BM | BF3: WM
F4: 1/Pipe | H4: All | I4: All | J4: All | K4: All | L4: All | M4: WPQT Pipes | N4: All | O4: All | P4: All | Q4: All | S4: All | U4: All | AH4: All | AJ4: All | AL4: All | AO4: All | AR4: All | AS4: All | AV4: All | AY4: All | BA4: All | BB4: All | BC4: All
A5: 24 x 1.268 | B5: 3973 | C5: 26.4.002096 (AF) | D5: 974058.V | F5: IR-05 | G5: IR-05 | H5: IR-05 | I5: N/A | J5: IR-05 | K5: N/A | L5: IR-05 | M5: N/A | N5: N/A | O5: IR-05 | P5: N/A | Q5: IR-07 | R5: N/A | S5: IR-05 | T5: N/A | U5: IR-05 | V5: IR-05 | W5: IR-05 | X5: IR-05 | Y5: IR-05 | Z5: IR-05 | AA5: IR-05 | AB5: IR-05 | AC5: IR-05 | AD5: IR-05 & IR-08 | AE5: IR-05 | AF5: IR-05 | AG5: N/A | AH5: IR-08 | AI5: IR-08 | AJ5: IR-06 | AK5: IR-10 | AL5: IR-07 | AM5: IR-07 | AN5: IR-07 | AO5: N/A | AP5: N/A | AQ5: N/A | AR5: IR-09 | AS5: IR-05 | AT5: IR-05 | AU5: IR-05 | AV5: IR-05 | AW5: IR-05 | AX5: IR-05 | AY5: IR-05 | AZ5: Approved | BA5: IR-07 | BB5: N/A | BC5: IR-07 | BD5: IR-07 | BE5: IR-10 | BF5: IR-10 | BG5: *RT05/Rm Longitudinal BM Tensile at Border Line *CVN ID Fusino Line Rejected with single results 26J. *ReTest performed as per NCR-003 and approved for both Test
B6: 3973 | C6: 26.4.002097 (AF) | D6: 800223.V | F6: IR-05 | G6: IR-05 | H6: IR-05 & IR-08 | I6: N/A | J6: IR-05 | K6: N/A | L6: IR-05 | M6: IR-17 | N6: N/A | O6: IR-05 | P6: N/A | Q6: IR-07 | R6: N/A | S6: IR-05 | T6: N/A | U6: IR-05 | V6: IR-05 | W6: IR-05 | X6: IR-05 | Y6: IR-05 | Z6: IR-05 | AA6: IR-05 | AB6: IR-05 | AC6: IR-05 | AD6: IR-05 & IR-08 | AE6: IR-05 | AF6: IR-05 | AG6: N/A | AH6: IR-08 | AI6: IR-08 | AJ6: IR-06 | AK6: IR-10 | AL6: IR-07 | AM6: IR-07 | AN6: IR-07 | AO6: N/A | AP6: N/A | AQ6: N/A | AR6: IR-09 | AS6: IR-05 | AT6: IR-05 | AU6: IR-05 | AV6: IR-05 | AW6: IR-05 | AX6: IR-05 | AY6: IR-05 | AZ6: Approved | BA6: IR-07 | BB6: N/A | BC6: IR-07 | BD6: IR-07 | BE6: IR-10 | BF6: IR-10 | BG6: *RT05/Rm Longitudinal BM Tensile at Rejected *CVN ID Fusino Line Rejected with single results 29J *ReTest performed as per NCR-003 and approved for both Test
B7: 3973 | C7: 26.4.002098 (AF) | D7: 800223.V | F7: IR-05 | G7: IR-05 | H7: IR-05 | I7: N/A | J7: IR-05 | K7: N/A | L7: IR-05 | M7: N/A | N7: N/A | O7: IR-05 | P7: N/A | Q7: IR-07 | R7: N/A | S7: IR-05 | T7: N/A | U7: IR-05 | V7: IR-05 | W7: IR-05 | X7: IR-05 | Y7: IR-05 | Z7: IR-05 | AA7: IR-05 | AB7: IR-05 | AC7: IR-05 | AD7: IR-05 | AE7: IR-05 | AF7: IR-05 | AG7: N/A | AH7: IR-08 | AI7: IR-08 | AJ7: IR-06 | AK7: IR-10 | AL7: IR-07 | AM7: IR-07 | AN7: IR-07 | AO7: N/A | AP7: N/A | AQ7: N/A | AR7: IR-09 | AS7: IR-05 | AT7: IR-05 | AU7: IR-05 | AV7: IR-05 | AW7: IR-05 | AX7: IR-05 | AY7: IR-05 | AZ7: Approved | BA7: IR-07 | BB7: N/A | BC7: IR-07 | BD7: IR-07 | BE7: IR-10 | BF7: IR-10
B8: 3974 | C8: 26.4.002240 (AF) | D8: 974058.V | F8: IR-05 | G8: IR-05 | H8: IR-05 & IR-08 | I8: N/A | J8: IR-05 | K8: N/A | L8: IR-05 | M8: IR-17 | N8: N/A | O8: IR-05 | P8: N/A | Q8: IR-07 | R8: N/A | S8: IR-05 | T8: N/A | U8: IR-05 | V8: IR-05 | W8: IR-05 | X8: IR-05 | Y8: IR-05 | Z8: IR-05 | AA8: IR-05 | AB8: IR-05 | AC8: IR-05 | AD8: IR-05 | AE8: IR-05 | AF8: IR-05 | AG8: N/A | AH8: IR-08 | AI8: IR-08 | AJ8: IR-06 | AK8: IR-10 | AL8: IR-07 | AM8: IR-07 | AN8: IR-07 | AO8: N/A | AP8: N/A | AQ8: N/A | AR8: IR-09 | AS8: IR-05 | AT8: IR-05 | AU8: IR-05 | AV8: IR-05 | AW8: IR-05 | AX8: IR-05 | AY8: IR-05 | AZ8: Approved | BA8: IR-07 | BB8: N/A | BC8: IR-07 | BD8: IR-07 | BE8: IR-10 | BF8: IR-10 | BG8: *RT05/Rm Longitudinal BM Tensile at Rejected *ReTest performed as per NCR-003 and approved
B9: 3973 | C9: 26.4.002099 (AC) | D9: 800223.V | F9: N/A | G9: N/A | H9: N/A | I9: IR-13 | J9: N/A | K9: IR-13 | L9: N/A | M9: N/A | N9: IR-13 | O9: N/A | P9: IR-13 | Q9: N/A | R9: IR-14 | S9: N/A | T9: IR-14 | U9: N/A | V9: N/A | W9: N/A | X9: N/A | Y9: N/A | Z9: N/A | AA9: N/A | AB9: N/A | AC9: N/A | AD9: N/A | AE9: N/A | AF9: N/A | AG9: N/A | AH9: N/A | AI9: N/A | AJ9: N/A | AK9: N/A | AL9: N/A | AM9: N/A | AN9: N/A | AO9: IR-14 | AP9: IR-14 | AQ9: IR-14 | AR9: N/A | AS9: N/A | AT9: N/A | AU9: N/A | AV9: N/A | AW9: N/A | AX9: N/A | AY9: N/A | AZ9: Approved | BA9: N/A | BB9: IR-14 | BC9: N/A | BD9: N/A | BE9: N/A | BF9: N/A | BG9: RT0.5/Rm for “AS FABRICATES” MPQT is: 0.93 however for the “AS COATED” in the QCP is specifying Informative
B10: 3973 | C10: 26.4.002100 (AC) | D10: 800223.V | F10: N/A | G10: N/A | H10: N/A | I10: IR-13 | J10: N/A | K10: IR-13 | L10: N/A | M10: N/A | N10: IR-13 | O10: N/A | P10: IR-13 | Q10: N/A | R10: IR-14 | S10: N/A | T10: IR-14 | U10: N/A | V10: N/A | W10: N/A | X10: N/A | Y10: N/A | Z10: N/A | AA10: N/A | AB10: N/A | AC10: N/A | AD10: N/A | AE10: N/A | AF10: N/A | AG10: N/A | AH10: N/A | AI10: N/A | AJ10: N/A | AK10: N/A | AL10: N/A | AM10: N/A | AN10: N/A | AO10: IR-14 | AP10: IR-14 | AQ10: IR-14 | AR10: N/A | AS10: N/A | AT10: N/A | AU10: N/A | AV10: N/A | AW10: N/A | AX10: N/A | AY10: N/A | AZ10: Approved | BA10: N/A | BB10: IR-14 | BC10: N/A | BD10: N/A | BE10: N/A | BF10: N/A
B11: 3973 | C11: 26.4.002101 (AC) | D11: 974058.V | F11: N/A | G11: N/A | H11: N/A | I11: IR-13 | J11: N/A | K11: IR-13 | L11: N/A | M11: N/A | N11: IR-13 | O11: N/A | P11: IR-13 | Q11: N/A | R11: IR-14 | S11: N/A | T11: IR-14 | U11: N/A | V11: N/A | W11: N/A | X11: N/A | Y11: N/A | Z11: N/A | AA11: N/A | AB11: N/A | AC11: N/A | AD11: N/A | AE11: N/A | AF11: N/A | AG11: N/A | AH11: N/A | AI11: N/A | AJ11: N/A | AK11: N/A | AL11: N/A | AM11: N/A | AN11: N/A | AO11: IR-14 | AP11: IR-14 | AQ11: IR-14 | AR11: N/A | AS11: N/A | AT11: N/A | AU11: N/A | AV11: N/A | AW11: N/A | AX11: N/A | AY11: N/A | AZ11: Approved | BA11: N/A | BB11: IR-14 | BC11: N/A | BD11: N/A | BE11: N/A | BF11: N/A | BG11: RT0.5/Rm for “AS FABRICATES” MPQT is: 0.93 however for the “AS COATED” in the QCP is specifying Informative
B12: 3973 | C12: 26.4.002243 (AC) | D12: 974058.V | F12: N/A | G12: N/A | H12: N/A | I12: IR-13 | J12: N/A | K12: IR-13 | L12: N/A | M12: N/A | N12: IR-13 | O12: N/A | P12: IR-13 | Q12: N/A | R12: IR-14 | S12: N/A | T12: IR-14 | U12: N/A | V12: N/A | W12: N/A | X12: N/A | Y12: N/A | Z12: N/A | AA12: N/A | AB12: N/A | AC12: N/A | AD12: N/A | AE12: N/A | AF12: N/A | AG12: N/A | AH12: N/A | AI12: N/A | AJ12: N/A | AK12: N/A | AL12: N/A | AM12: N/A | AN12: N/A | AO12: IR-14 | AP12: IR-14 | AQ12: IR-14 | AR12: N/A | AS12: N/A | AT12: N/A | AU12: N/A | AV12: N/A | AW12: N/A | AX12: N/A | AY12: N/A | AZ12: Approved | BA12: N/A | BB12: IR-14 | BC12: N/A | BD12: N/A | BE12: N/A | BF12: N/A | BG12: RT0.5/Rm for “AS FABRICATES” MPQT is: 0.93 however for the “AS COATED” in the QCP is specifying Informative
A13: Repair Qualification
A14: 24 x 1.268 (STOP/START) | B14: WPS-3973 | C14: 26.4. 2128 (INT) | D14: 800232.V | U14: IR-19 | Y14: IR-19 | AC14: IR-19 | AD14: IR-19 | AE14: IR-19 | AR14: IR-19 | AV14: IR-18 | AW14: IR-18 | AX14: IR-18 | AY14: IR-18
C15: 26.4.2128 (EXT) | U15: IR-19 | V15: IR-19 | W15: IR-19 | Y15: IR-19 | AC15: IR-19 | AR15: IR-19 | AV15: IR-18 | AW15: IR-18 | AX15: IR-18 | AY15: IR-18
A16: OD 24 x 1.268 (rWPS) | B16: WPS-260 (SHALLOW) | C16: 26.4. 2128
B17: WPS-262 (DEEP)
A18: ID 24 x 1.268 (rWPS) | B18: WPS-260 (SHALLOW) | C18: 26.4. 2205 | D18: 800222.V
B19: WPS-262 (DEEP)

Sheet 24 X 1.268 OFF
A1: SAKARYA PROJECT - Overview Mass Production for SAWL Line Pipe - Lab Tests Control Table
A2: OD24in X WT1.268in
A3: OD X WT | B3: Pipe Nº | C3: Heat Plate N° | D3: Chemical Compos. Analysis | F3: Tensile Tests | J3: Transversal Compression Test | K3: BM CVN Impact Testing -30°C | L3: CVN Impact Testing of the Weld Seam @ -30°C | U3: Drop Weight Tear Testing (DWTT) | V3: Grain Size BM | W3: Guided Bend Tests | Y3: VicKers Hardness Tests | AB3: Macrographic Test | AC3: HIC | AE3: Remarks
D4: BM | E4: BM | F4: Longitudinal BM | G4: Transversal BM | H4: Transversal WM | I4: Transversal WM (Coated) | J4: Inline Heat Treatment | K4: AF | L4: WM OD | M4: WD ID | N4: WM Root | O4: FL OD | P4: FL ID | Q4: FL Root | R4: FL + 2 OD | S4: FL + 2 ID | T4: FL + 2 Root | U4: BM | W4: OD | X4: ID | Y4: BM | Z4: HAZ | AA4: WM | AB4: Interpenetration | AC4: BM | AD4: WM
D5: 1/Pipe | F5: 1/Heat | G5: 1/Heat | H5: 1/Heat | I5: All | J5: 4/Heat 20 1/Heat | K5: 1/Heat | L5: 1/Heat | U5: 1/Heat | V5: 1 / 5 Heats | W5: 1/Heat | Y5: 1/Heat | AB5: 1/Shift | AC5: 1 /Heat (first five Heat, than 1 / 10)
A6: 36 x 0.406 | B6: 11646 | C6: 780325 | D6: IR-06 | E6: IR-06 | F6: IR-11 | G6: IR-09 | H6: IR-09 | K6: IR-11 | L6: IR-11 | M6: IR-11 | N6: IR-11 | O6: IR-11 / IR-15 | P6: IR-11 | Q6: IR-11 | R6: IR-11 | S6: IR-11 | T6: IR-11 | U6: IR-09 | V6: IR-11 | W6: IR-09 | X6: IR-09 | Y6: IR-06 | Z6: IR-06 | AA6: IR-06 | AB6: IR-06 | AC6: IR-08 | AD6: IR-08 | AE6: CVN Failure at OD FL+2mm (NCR-004) - Re-test performed and approved
C7: 800222 | D7: IR-06 | E7: IR-09 | F7: IR-11 | G7: IR-09 | H7: IR-09 | K7: IR-11 | L7: IR-11 | M7: IR-11 | N7: IR-11 | O7: IR-11 / IR-15 | P7: IR-11 | Q7: IR-11 | R7: IR-11 | S7: IR-11 | T7: IR-11 | U7: IR-09 | V7: IR-11 | W7: IR-09 | X7: IR-09 | Y7: IR-06 | Z7: IR-06 | AA7: IR-06 | AB7: IR-06 | AC7: IR-08 | AD7: IR-08 | AE7: CVN Failure at Intersectio FL (NCR-004) - Re-test performed and approved
C8: 800229 | D8: IR-06 | E8: IR-09 | F8: IR-11 | G8: IR-09 | H8: IR-09 | K8: IR-11 | L8: IR-11 | M8: IR-11 | N8: IR-11 | O8: IR-11 / IR-15 | P8: IR-11 | Q8: IR-11 | R8: IR-11 | S8: IR-11 | T8: IR-11 | U8: IR-09 | V8: IR-11 | W8: IR-09 | X8: IR-09 | Y8: IR-06 | Z8: IR-06 | AA8: IR-06 | AB8: IR-06 | AC8: IR-08 | AD8: IR-08 | AE8: CVN Failure at Intersection, on the NCR-004 Tenaris have informed that the CVN specimen of Intersevtion WM, was with the notch on the wrong sectiom and it is a FL Re-test performed and approved
C9: 800232 | D9: IR-06 | E9: IR-09 | F9: IR-11 | G9: IR-09 | H9: IR-09 | K9: IR-11 | L9: IR-11 | M9: IR-11 | N9: IR-11 | O9: IR-11 | P9: IR-11 | Q9: IR-11 | R9: IR-11 | S9: IR-11 | T9: IR-11 | U9: IR-09 | V9: IR-11 | W9: IR-09 | X9: IR-09 | Y9: IR-06 | Z9: IR-06 | AA9: IR-06 | AB9: IR-06 | AC9: IR-08 | AD9: IR-08
C10: 800233 | D10: IR-06 | E10: IR-06 | F10: IR-11 | G10: IR-09 | H10: IR-09 | K10: IR-11 | L10: IR-11 | M10: IR-11 | N10: IR-11 | O10: IR-11 IR-15 IR-17 | P10: IR-11 | Q10: IR-11 | R10: IR-11 | S10: IR-11 | T10: IR-11 | U10: IR-09 | V10: IR-11 | W10: IR-09 | X10: IR-09 | Y10: IR-06 | Z10: IR-06 | AA10: IR-06 | AB10: IR-06 | AC10: IR-08 | AD10: IR-08 | AE10: CVN Failure at Intersectio ID and OD FL (NCR-004) - Re-test performed Rejected on the same pipe (26.4.2117). Retest Performed and approved in two addtional Pipes from the same Test unit and approved (26.4.2147 and 2152)
C11: 974062 | D11: IR-06 | E11: IR-06 | F11: IR-11 | G11: IR-09 | H11: IR-09 | K11: IR-11 | L11: IR-11 | M11: IR-11 | N11: IR-11 | O11: IR-11 | P11: IR-11 | Q11: IR-11 | R11: IR-11 | S11: IR-11 | T11: IR-11 | U11: IR-09 | V11: IR-11 | W11: IR-09 | X11: IR-09 | Y11: IR-06 | Z11: IR-06 | AA11: IR-06 | AB11: IR-06 | AC11: IR-08 | AD11: IR-08
C12: 780991
C13: 780992
C14: 780993
C15: 780995
C16: 781083
C17: 781283 | K17: IR-19 | L17: IR-19 | M17: IR-19 | N17: IR-19 | P17: IR-19 | R17: IR-19 | S17: IR-19 | T17: IR-19
C18: 781297 | D18: IR-19 | E18: IR-19 | K18: IR-19 | L18: IR-19 | M18: IR-19 | N18: IR-19 | O18: IR-19 | P18: IR-19 | Q18: IR-19 | R18: IR-19 | S18: IR-19 | T18: IR-19
C19: 800223
C20: 800943
C21: 800957
C22: 800958
C23: 800959
C24: 800965
C25: 800970
C26: 801169
C27: 801174
C28: 801198
C29: 801208 | D29: IR-19 | E29: IR-19 | K29: IR-19 | L29: IR-19 | M29: IR-19 | N29: IR-19 | O29: IR-19 | P29: IR-19 | Q29: IR-19 | R29: IR-19 | S29: IR-19 | T29: IR-19
C30: 801219 | D30: IR-19 | E30: IR-19 | K30: IR-19 | L30: IR-19 | M30: IR-19 | N30: IR-19 | O30: IR-19 | P30: IR-19 | Q30: IR-19 | R30: IR-19 | S30: IR-19 | T30: IR-19
C31: 974058
C32: 974992 | D32: IR-19 | K32: IR-19 | L32: IR-19 | N32: IR-19 | R32: IR-19 | T32: IR-19
C33: 975002 | D33: IR-19 | M33: IR-19 | O33: IR-19 | P33: IR-19 | Q33: IR-19 | S33: IR-19

Sheet PO5021701
A1: Totale | I1: =SUBTOTAL(103,Tabella1[Total Pipes]) -> 170 | N1: =SUBTOTAL(9,Tabella1[Pipe length2]) -> 11220838 | O1: =SUBTOTAL(103,Tabella1[Plate Entrance]) -> 908 | P1: =SUBTOTAL(103,Tabella1[Pipe Forming]) -> 713 | Q1: =SUBTOTAL(103,Tabella1[Tack Welding]) -> 708 | R1: =SUBTOTAL(103,Tabella1[ID SAWL]) -> 701 | S1: =SUBTOTAL(103,Tabella1[OD SAWL]) -> 679 | T1: =SUBTOTAL(103,Tabella1[AUT1 in House]) -> 672 | U1: =SUBTOTAL(103,Tabella1[Fluoroscopic/TOFD In House]) -> 13 | V1: =SUBTOTAL(103,Tabella1[Repair]) -> 18 | W1: =SUBTOTAL(103,Tabella1[MCE 1]) -> 412 | X1: =SUBTOTAL(103,Tabella1[MCE 2]) -> 632 | Y1: =SUBTOTAL(103,Tabella1[Straighness Re-work]) -> 5 | Z1: =SUBTOTAL(103,Tabella1[Hydrostatic Test]) -> 620 | AA1: =SUBTOTAL(103,Tabella1[Phase Array]) -> 573 | AB1: =SUBTOTAL(103,Tabella1[MUT]) -> 558 | AC1: =SUBTOTAL(103,Tabella1[Pipe End UT]) -> 547 | AD1: =SUBTOTAL(103,Tabella1[X-Ray]) -> 544 | AE1: =SUBTOTAL(103,Tabella1[OoR Pipe Body]) -> 536 | AF1: =SUBTOTAL(103,Tabella1[Dimensional 1]) -> 525 | AG1: =SUBTOTAL(103,Tabella1[Dimensional 2]) -> 337 | AH1: =SUBTOTAL(103,Tabella1[MPI]) -> 333 | AI1: =SUBTOTAL(103,Tabella1[Final Marking and Weighing]) -> 327 | AJ1: =SUBTOTAL(103,Tabella1[UT DHC]) -> 29
A2: Seq. N° | B2: Tenaris Batch | C2: Pipe Dimensional | D2: Pipe Std | E2: Pipe Number | F2: Heat Number | G2: Plate Number | H2: Pipe length | I2: Total Pipes | J2: Tenaris Lote | K2: Pipe N° | L2: Heat N° | M2: Plate N° | N2: Pipe length2 | O2: Plate Entrance | P2: Pipe Forming | Q2: Tack Welding | R2: ID SAWL | S2: OD SAWL | T2: AUT1 in House | U2: Fluoroscopic/TOFD In House | V2: Repair | W2: MCE 1 | X2: MCE 2 | Y2: Straighness Re-work | Z2: Hydrostatic Test | AA2: Phase Array | AB2: MUT | AC2: Pipe End UT | AD2: X-Ray | AE2: OoR Pipe Body | AF2: Dimensional 1 | AG2: Dimensional 2 | AH2: MPI | AI2: Final Marking and Weighing | AJ2: UT DHC
A3: 1 | B3: 5021701 | C3: 609.600mm / 32.200mm | D3: DNV-ST-F101-2021 x 450 SFDU | E3: 26.4.002086 | F3: 800229.V | G3: 112430/2.V | H3: 12350 | I3: 1 | J3: 5021601 | K3: 26.4.002179 | L3: 800223.V | M3: 112461/1.V | N3: 12400 | O3: EC | P3: PU | Q3: SEL | R3: SI | S3: SE | T3: U1 | W3: SMS | X3: EX2 | Y3: PDES | Z3: TH | AA3: UTPA | AB3: UTMAN | AC3: UE | AD3: RX | AE3: LIMAB | AF3: IF1 | AG3: IF2 | AH3: PM | AI3: BA
A4: 2 | B4: 5021701 | C4: 609.600mm / 32.200mm | D4: DNV-ST-F101-2021 x 450 SFDU | E4: 26.4.002211 | F4: 800222.V | G4: 112447/1.V | H4: 12450 | I4: 1 | J4: 5021601 | K4: 26.4.002113 | L4: 800229.V | M4: 112429/2.V | N4: 12400 | O4: EC | P4: PU | Q4: SEL | R4: SI | S4: SE | T4: U1 | W4: SMS | X4: EX2 | Y4: PDES | Z4: TH | AA4: UTPA | AB4: UTMAN | AC4: UE | AD4: RX | AE4: LIMAB | AF4: IF1 | AG4: IF2 | AH4: PM | AI4: BA
A5: 3 | B5: 5021701 | C5: 609.600mm / 32.200mm | D5: DNV-ST-F101-2021 x 450 SFDU | E5: 26.4.002085 | F5: 800229.V | G5: 112426/2.V | H5: 12380 | I5: 1 | J5: 5021601 | K5: 26.4.002090 | L5: 800229.V | M5: 112432/1.V | N5: 12330 | O5: EC | P5: PU | Q5: SEL | R5: SI | S5: SE | T5: U1 | W5: SMS | X5: EX2 | Y5: PDES | Z5: TH | AA5: UTPA | AB5: UTMAN | AC5: UE | AD5: RX | AE5: LIMAB | AF5: IF1 | AG5: IF2 | AH5: PM | AI5: BA
A6: 4 | B6: 5021701 | C6: 609.600mm / 32.200mm | D6: DNV-ST-F101-2021 x 450 SFDU | E6: 26.4.002089 | F6: 800229.V | G6: 112427/1.V | H6: 12470 | I6: 1 | J6: 5021601 | K6: 26.4.002170 | L6: 780325.V | M6: 112403/2.V | N6: 12400 | O6: EC | P6: PU | Q6: SEL | R6: SI | S6: SE | T6: U1 | W6: SMS | X6: EX2 | Y6: PDES | Z6: TH | AA6: UTPA | AB6: UTMAN | AC6: UE | AD6: RX | AE6: LIMAB | AF6: IF1 | AG6: IF2 | AH6: PM | AI6: BA
A7: 5 | B7: 5021701 | C7: 609.600mm / 32.200mm | D7: DNV-ST-F101-2021 x 450 SFDU | E7: 26.4.002090 | F7: 800229.V | G7: 112432/1.V | H7: 12360 | I7: 1 | J7: 5021601 | K7: 26.4.002238 | L7: 974058.V | M7: 112416/1.V | N7: 12400 | O7: EC | P7: PU | Q7: SEL | R7: SI | S7: SE | T7: U1 | W7: SMS | X7: EX2 | Y7: PDES | Z7: TH | AA7: UTPA | AB7: UTMAN | AC7: UE | AD7: RX | AE7: LIMAB | AF7: IF1 | AG7: IF2 | AH7: PM | AI7: BA
A8: 6 | B8: 5021701 | C8: 609.600mm / 32.200mm | D8: DNV-ST-F101-2021 x 450 SFDU | E8: 26.4.002147 | F8: 800233.V | G8: 112487/2.V | H8: 12460 | I8: 1 | J8: 5021701 | K8: 26.4.008021 | L8: 780995.V | M8: 118305/2.V | N8: 12460 | O8: EC | P8: PU | Q8: SEL | R8: SI | S8: SE | T8: U1 | X8: EX2 | Z8: TH | AA8: UTPA | AB8: UTMAN | AC8: UE | AD8: RX | AE8: LIMAB | AF8: IF1 | AG8: IF2 | AH8: PM
A9: 7 | B9: 5021701 | C9: 609.600mm / 32.200mm | D9: DNV-ST-F101-2021 x 450 SFDU | E9: 26.4.002092 | F9: 800229.V | G9: 112424/1.V | H9: 12360 | I9: 1 | J9: 5021701 | K9: 26.4.002087 | L9: 800229.V | M9: 112432/2.V | N9: 12020 | O9: EC | P9: PU | Q9: SEL | R9: SI | S9: SE | T9: U1 | W9: SMS | X9: EX2 | Z9: TH | AA9: UTPA | AB9: UTMAN | AC9: UE | AD9: RX | AE9: LIMAB | AF9: IF1 | AG9: IF2 | AH9: PM | AI9: BA
A10: 8 | B10: 5021701 | C10: 609.600mm / 32.200mm | D10: DNV-ST-F101-2021 x 450 SFDU | E10: 26.4.002088 | F10: 800229.V | G10: 112426/1.V | H10: 12430 | I10: 1 | J10: 5021701 | K10: 26.4.002194 | L10: 780325.V | M10: 112397/1.V | N10: 12440 | O10: EC | P10: PU | Q10: SEL | R10: SI | S10: SE | T10: U1 | W10: SMS | X10: EX2 | Z10: TH | AA10: UTPA | AB10: UTMAN | AC10: UE | AD10: RX | AE10: LIMAB | AF10: IF1 | AG10: IF2 | AH10: PM | AI10: BA
A11: 9 | B11: 5021701 | C11: 609.600mm / 32.200mm | D11: DNV-ST-F101-2021 x 450 SFDU | E11: 26.4.002094 | F11: 800229.V | G11: 112430/1.V | H11: 12470 | I11: 1 | J11: 5021701 | K11: 26.4.002089 | L11: 800229.V | M11: 112427/1.V | N11: 12470 | O11: EC | P11: PU | Q11: SEL | R11: SI | S11: SE | T11: U1 | V11: REP
A12: 10 | B12: 5021701 | C12: 609.600mm / 32.200mm | D12: DNV-ST-F101-2021 x 450 SFDU | E12: 26.4.002095 | F12: 974058.V | G12: 112411/1.V | H12: 12460 | I12: 1 | J12: 5021701 | K12: 26.4.002099 | L12: 800223.V | M12: 112459/1.V | N12: 12330 | O12: EC | P12: PU | Q12: SEL | R12: SI | S12: SE | T12: U1 | W12: SMS | X12: EX2 | Z12: TH | AA12: UTPA | AB12: UTMAN | AC12: UE | AD12: RX | AE12: LIMAB | AF12: IF1 | AG12: IF2 | AH12: PM | AI12: BA
A13: 11 | B13: 5021701 | C13: 609.600mm / 32.200mm | D13: DNV-ST-F101-2021 x 450 SFDU | E13: 26.4.002096 | F13: 974058.V | G13: 112412/2.V | H13: 12470 | I13: 1 | J13: 5021701 | K13: 26.4.002086 | L13: 800229.V | M13: 112430/2.V | N13: 12230 | O13: EC | P13: PU | Q13: SEL | R13: SI | S13: SE | T13: U1 | W13: SMS | X13: EX2 | Z13: TH | AA13: UTPA | AB13: UTMAN | AC13: UE | AD13: RX | AE13: LIMAB | AF13: IF1 | AG13: IF2 | AH13: PM | AI13: BA
A14: 12 | B14: 5021701 | C14: 609.600mm / 32.200mm | D14: DNV-ST-F101-2021 x 450 SFDU | E14: 26.4.002097 | F14: 800223.V | G14: 112460/1.V | H14: 12370 | I14: 1 | J14: 5021701 | K14: 26.4.007789 | L14: 781297.V | M14: 121336/2.V | N14: 12460 | O14: EC | P14: PU | Q14: SEL | R14: SI | S14: SE | T14: U1 | W14: SMS | X14: EX2 | Z14: TH | AA14: UTPA | AB14: UTMAN | AC14: UE | AD14: RX | AE14: LIMAB | AF14: IF1
A15: 13 | B15: 5021701 | C15: 609.600mm / 32.200mm | D15: DNV-ST-F101-2021 x 450 SFDU | E15: 26.4.002098 | F15: 800223.V | G15: 112459/2.V | H15: 12370 | I15: 1 | J15: 5021701 | K15: 26.4.002085 | L15: 800229.V | M15: 112426/2.V | N15: 12130 | O15: EC | P15: PU | Q15: SEL | R15: SI | S15: SE | T15: U1 | W15: SMS | X15: EX2 | Z15: TH | AA15: UTPA | AB15: UTMAN | AC15: UE | AD15: RX | AE15: LIMAB | AF15: IF1 | AG15: IF2 | AH15: PM | AI15: BA
A16: 14 | B16: 5021701 | C16: 609.600mm / 32.200mm | D16: DNV-ST-F101-2021 x 450 SFDU | E16: 26.4.002115 | F16: 800233.V | G16: 112488/2.V | H16: 12450 | I16: 1 | J16: 5021701 | K16: 26.4.002096 | L16: 974058.V | M16: 112412/2.V | N16: 12430 | O16: EC | P16: PU | Q16: SEL | R16: SI | S16: SE | T16: U1 | U16: FL | W16: SMS | X16: EX2 | Z16: TH | AA16: UTPA | AB16: UTMAN
A17: 15 | B17: 5021701 | C17: 609.600mm / 32.200mm | D17: DNV-ST-F101-2021 x 450 SFDU | E17: 26.4.002100 | F17: 800223.V | G17: 112460/2.V | H17: 12470 | I17: 1 | J17: 5021701 | K17: 26.4.002158 | L17: 780325.V | M17: 112407/2.V | N17: 12440 | O17: EC | P17: PU | Q17: SEL | R17: SI | S17: SE | T17: U1 | W17: SMS | X17: EX2 | Z17: TH | AA17: UTPA | AB17: UTMAN | AC17: UE | AD17: RX | AE17: LIMAB | AF17: IF1 | AG17: IF2 | AH17: PM | AI17: BA
A18: 16 | B18: 5021701 | C18: 609.600mm / 32.200mm | D18: DNV-ST-F101-2021 x 450 SFDU | E18: 26.4.002101 | F18: 974058.V | G18: 112412/1.V | H18: 12460 | I18: 1 | J18: 5021701 | K18: 26.4.002097 | L18: 800223.V | M18: 112460/1.V | N18: 12300 | O18: EC | P18: PU | Q18: SEL | R18: SI | S18: SE | T18: U1 | U18: FL | W18: SMS | X18: EX2 | Z18: TH | AA18: UTPA | AB18: UTMAN
A19: 17 | B19: 5021701 | C19: 609.600mm / 32.200mm | D19: DNV-ST-F101-2021 x 450 SFDU | E19: 26.4.002102 | F19: 974058.V | G19: 112411/2.V | H19: 12460 | I19: 1 | J19: 5021701 | K19: 26.4.002098 | L19: 800223.V | M19: 112459/2.V | N19: 12340 | O19: EC | P19: PU | Q19: SEL | R19: SI | S19: SE | T19: U1 | U19: FL | W19: SMS | X19: EX2 | Z19: TH | AA19: UTPA | AB19: UTMAN
A20: 18 | B20: 5021701 | C20: 609.600mm / 32.200mm | D20: DNV-ST-F101-2021 x 450 SFDU | E20: 26.4.002103 | F20: 800229.V | G20: 112427/2.V | H20: 12440 | I20: 1 | J20: 5021701 | K20: 26.4.002125 | L20: 800232.V | M20: 112442/1.V | N20: 12430 | O20: EC | P20: PU | Q20: SEL | R20: SI | S20: SE | T20: U1 | W20: SMS | X20: EX2 | Z20: TH | AA20: UTPA | AB20: UTMAN | AC20: UE | AD20: RX | AE20: LIMAB | AF20: IF1 | AG20: IF2 | AH20: PM | AI20: BA
A21: 19 | B21: 5021701 | C21: 609.600mm / 32.200mm | D21: DNV-ST-F101-2021 x 450 SFDU | E21: 26.4.002093 | F21: 800229.V | G21: 112425/2.V | H21: 12440 | I21: 1 | J21: 5021701 | K21: 26.4.002100 | L21: 800223.V | M21: 112460/2.V | N21: 12320 | O21: EC | P21: PU | Q21: SEL | R21: SI | S21: SE | T21: U1 | U21: FL | W21: SMS | X21: EX2 | Z21: TH | AA21: UTPA | AB21: UTMAN | AC21: UE | AD21: RX | AE21: LIMAB | AF21: IF1 | AG21: IF2 | AH21: PM | AI21: BA
A22: 20 | B22: 5021701 | C22: 609.600mm / 32.200mm | D22: DNV-ST-F101-2021 x 450 SFDU | E22: 26.4.002105 | F22: 800229.V | G22: 112425/1.V | H22: 12340 | I22: 1 | J22: 5021701 | K22: 26.4.002101 | L22: 974058.V | M22: 112412/1.V | N22: 12320 | O22: EC | P22: PU | Q22: SEL | R22: SI | S22: SE | T22: U1 | U22: FL | W22: SMS | X22: EX2 | Z22: TH | AA22: UTPA | AB22: UTMAN | AC22: UE | AD22: RX | AE22: LIMAB | AF22: IF1 | AG22: IF2 | AH22: PM | AI22: BA
A23: 21 | B23: 5021701 | C23: 609.600mm / 32.200mm | D23: DNV-ST-F101-2021 x 450 SFDU | E23: 26.4.002106 | F23: 800229.V | G23: 112422/2.V | H23: 12320 | I23: 1 | J23: 5021701 | K23: 26.4.002102 | L23: 974058.V | M23: 112411/2.V | N23: 12280 | O23: EC | P23: PU | Q23: SEL | R23: SI | S23: SE | T23: U1 | W23: SMS | X23: EX2 | Z23: TH | AA23: UTPA | AB23: UTMAN | AC23: UE | AD23: RX | AE23: LIMAB | AF23: IF1 | AG23: IF2 | AH23: PM | AI23: BA
A24: 22 | B24: 5021701 | C24: 609.600mm / 32.200mm | D24: DNV-ST-F101-2021 x 450 SFDU | E24: 26.4.002107 | F24: 800229.V | G24: 112423/2.V | H24: 12370 | I24: 1 | J24: 5021701 | K24: 26.4.008022 | L24: 780995.V | M24: 118312/1.V | N24: 12460 | O24: EC | P24: PU | Q24: SEL | R24: SI | S24: SE | T24: U1 | X24: EX2 | Z24: TH
A25: 23 | B25: 5021701 | C25: 609.600mm / 32.200mm | D25: DNV-ST-F101-2021 x 450 SFDU | E25: 26.4.002108 | F25: 800229.V | G25: 112424/2.V | H25: 12330 | I25: 1 | J25: 5021701 | K25: 26.4.002104 | L25: 800229.V | M25: 112429/1.V | N25: 12430 | O25: EC | P25: PU | Q25: SEL | R25: SI | S25: SE | T25: U1 | W25: SMS | X25: EX2 | Z25: TH | AA25: UTPA | AB25: UTMAN | AC25: UE | AD25: RX | AE25: LIMAB | AF25: IF1 | AG25: IF2 | AH25: PM | AI25: BA
A26: 24 | B26: 5021701 | C26: 609.600mm / 32.200mm | D26: DNV-ST-F101-2021 x 450 SFDU | E26: 26.4.002109 | F26: 800229.V | G26: 112428/2.V | H26: 12470 | I26: 1 | J26: 5021701 | K26: 26.4.002105 | L26: 800229.V | M26: 112425/1.V | N26: 12340 | O26: EC | P26: PU | Q26: SEL | R26: SI | S26: SE | T26: U1 | W26: SMS | X26: EX2 | Z26: TH | AA26: UTPA | AB26: UTMAN | AC26: UE | AD26: RX | AE26: LIMAB | AF26: IF1 | AG26: IF2 | AH26: PM | AI26: BA
A27: 25 | B27: 5021701 | C27: 609.600mm / 32.200mm | D27: DNV-ST-F101-2021 x 450 SFDU | E27: 26.4.002110 | F27: 800229.V | G27: 112423/1.V | H27: 12300 | I27: 1 | J27: 5021701 | K27: 26.4.002106 | L27: 800229.V | M27: 112422/2.V | N27: 12320 | O27: EC | P27: PU | Q27: SEL | R27: SI | S27: SE | T27: U1 | W27: SMS | X27: EX2 | Z27: TH | AA27: UTPA | AB27: UTMAN | AC27: UE | AD27: RX | AE27: LIMAB | AF27: IF1 | AG27: IF2 | AH27: PM | AI27: BA
A28: 26 | B28: 5021701 | C28: 609.600mm / 32.200mm | D28: DNV-ST-F101-2021 x 450 SFDU | E28: 26.4.002111 | F28: 800229.V | G28: 112431/1.V | H28: 12440 | I28: 1 | J28: 5021701 | K28: 26.4.002116 | L28: 800233.V | M28: 112485/2.V | N28: 12020 | O28: EC | P28: PU | Q28: SEL | R28: SI | S28: SE | T28: U1 | W28: SMS | X28: EX2 | Z28: TH | AA28: UTPA | AB28: UTMAN | AC28: UE | AD28: RX | AE28: LIMAB | AF28: IF1 | AG28: IF2 | AH28: PM | AI28: BA
A29: 27 | B29: 5021701 | C29: 609.600mm / 32.200mm | D29: DNV-ST-F101-2021 x 450 SFDU | E29: 26.4.002112 | F29: 800229.V | G29: 112428/1.V | H29: 12440 | I29: 1 | J29: 5021701 | K29: 26.4.002095 | L29: 974058.V | M29: 112411/1.V | N29: 12460 | O29: EC | P29: PU | Q29: SEL | R29: SI | S29: SE | T29: U1
A30: 28 | B30: 5021701 | C30: 609.600mm / 32.200mm | D30: DNV-ST-F101-2021 x 450 SFDU | E30: 26.4.002113 | F30: 800229.V | G30: 112429/2.V | H30: 12470 | I30: 1 | J30: 5021701 | K30: 26.4.002094 | L30: 800229.V | M30: 112430/1.V | N30: 11360 | O30: EC | P30: PU | Q30: SEL | R30: SI | S30: SE | T30: U1 | W30: SMS | X30: EX2 | Z30: TH | AA30: UTPA | AB30: UTMAN | AC30: UE
A31: 29 | B31: 5021701 | C31: 609.600mm / 32.200mm | D31: DNV-ST-F101-2021 x 450 SFDU | E31: 26.4.002114 | F31: 800233.V | G31: 112487/1.V | H31: 12450 | I31: 1 | J31: 5021701 | K31: 26.4.002112 | L31: 800229.V | M31: 112428/1.V | N31: 12040 | O31: EC | P31: PU | Q31: SEL | R31: SI | S31: SE | T31: U1 | U31: FL | W31: SMS | X31: EX2 | Z31: TH | AA31: UTPA | AB31: UTMAN | AC31: UE | AD31: RX | AE31: LIMAB | AF31: IF1 | AG31: IF2 | AH31: PM | AI31: BA
A32: 30 | B32: 5021701 | C32: 609.600mm / 32.200mm | D32: DNV-ST-F101-2021 x 450 SFDU | E32: 26.4.002099 | F32: 800223.V | G32: 112459/1.V | H32: 12460 | I32: 1 | J32: 5021701 | K32: 26.4.002149 | L32: 800233.V | M32: 112483/2.V | N32: 12430 | O32: EC | P32: PU | Q32: SEL | R32: SI | S32: SE | T32: U1 | W32: SMS | X32: EX2 | Z32: TH | AA32: UTPA | AB32: UTMAN | AC32: UE | AD32: RX | AE32: LIMAB | AF32: IF1 | AG32: IF2 | AH32: PM | AI32: BA
A33: 31 | B33: 5021701 | C33: 609.600mm / 32.200mm | D33: DNV-ST-F101-2021 x 450 SFDU | E33: 26.4.002116 | F33: 800233.V | G33: 112485/2.V | H33: 12020 | I33: 1 | J33: 5021701 | K33: 26.4.002111 | L33: 800229.V | M33: 112431/1.V | N33: 12040 | O33: EC | P33: PU | Q33: SEL | R33: SI | S33: SE | T33: U1 | W33: SMS | X33: EX2 | Z33: TH | AA33: UTPA | AB33: UTMAN | AC33: UE | AD33: RX | AE33: LIMAB | AF33: IF1 | AG33: IF2 | AH33: PM | AI33: BA
A34: 32 | B34: 5021701 | C34: 609.600mm / 32.200mm | D34: DNV-ST-F101-2021 x 450 SFDU | E34: 26.4.002117 | F34: 800233.V | G34: 112490/1.V | H34: 12020 | I34: 1 | J34: 5021701 | K34: 26.4.002114 | L34: 800233.V | M34: 112487/1.V | N34: 12430 | O34: EC | P34: PU | Q34: SEL | R34: SI | S34: SE | T34: U1 | W34: SMS | X34: EX2 | Z34: TH | AA34: UTPA | AB34: UTMAN | AC34: UE | AD34: RX | AE34: LIMAB | AF34: IF1 | AG34: IF2 | AH34: PM | AI34: BA
A35: 33 | B35: 5021701 | C35: 609.600mm / 32.200mm | D35: DNV-ST-F101-2021 x 450 SFDU | E35: 26.4.002118 | F35: 800232.V | G35: 112444/2.V | H35: 12470 | I35: 1 | J35: 5021701 | K35: 26.4.002115 | L35: 800233.V | M35: 112488/2.V | N35: 12440 | O35: EC | P35: PU | Q35: SEL | R35: SI | S35: SE | T35: U1 | W35: SMS | X35: EX2 | Z35: TH | AA35: UTPA | AB35: UTMAN | AC35: UE | AD35: RX | AE35: LIMAB | AF35: IF1 | AG35: IF2 | AH35: PM | AI35: BA
A36: 34 | B36: 5021701 | C36: 609.600mm / 32.200mm | D36: DNV-ST-F101-2021 x 450 SFDU | E36: 26.4.002119 | F36: 800233.V | G36: 112483/1.V | H36: 12450 | I36: 1 | J36: 5021701 | K36: 26.4.002241 | L36: 974058.V | M36: 112415/2.V | N36: 12440 | O36: EC | P36: PU | Q36: SEL | R36: SI | S36: SE | T36: U1 | W36: SMS | X36: EX2 | Z36: TH | AA36: UTPA | AB36: UTMAN | AC36: UE | AD36: RX | AE36: LIMAB | AF36: IF1 | AG36: IF2 | AH36: PM | AI36: BA
A37: 35 | B37: 5021701 | C37: 609.600mm / 32.200mm | D37: DNV-ST-F101-2021 x 450 SFDU | E37: 26.4.002120 | F37: 800232.V | G37: 112437/2.V | H37: 12450 | I37: 1 | J37: 5021701 | K37: 26.4.002118 | L37: 800232.V | M37: 112444/2.V | N37: 12040 | O37: EC | P37: PU | Q37: SEL | R37: SI | S37: SE | T37: U1 | W37: SMS | X37: EX2 | Z37: TH | AA37: UTPA | AB37: UTMAN | AC37: UE | AD37: RX | AE37: LIMAB | AF37: IF1 | AG37: IF2 | AH37: PM | AI37: BA
A38: 36 | B38: 5021701 | C38: 609.600mm / 32.200mm | D38: DNV-ST-F101-2021 x 450 SFDU | E38: 26.4.002121 | F38: 800232.V | G38: 112441/2.V | H38: 12450 | I38: 1 | J38: 5021701 | K38: 26.4.002119 | L38: 800233.V | M38: 112483/1.V | N38: 12430 | O38: EC | P38: PU | Q38: SEL | R38: SI | S38: SE | T38: U1 | W38: SMS | X38: EX2 | Z38: TH | AA38: UTPA | AB38: UTMAN | AC38: UE | AD38: RX | AE38: LIMAB | AF38: IF1 | AG38: IF2 | AH38: PM | AI38: BA
A39: 37 | B39: 5021701 | C39: 609.600mm / 32.200mm | D39: DNV-ST-F101-2021 x 450 SFDU | E39: 26.4.002122 | F39: 800232.V | G39: 112434/2.V | H39: 12450 | I39: 1 | J39: 5021701 | K39: 26.4.002120 | L39: 800232.V | M39: 112437/2.V | N39: 12330 | O39: EC | P39: PU | Q39: SEL | R39: SI | S39: SE | T39: U1 | W39: SMS | X39: EX2 | Z39: TH | AA39: UTPA | AB39: UTMAN | AC39: UE | AD39: RX | AE39: LIMAB | AF39: IF1 | AG39: IF2 | AH39: PM | AI39: BA
A40: 38 | B40: 5021701 | C40: 609.600mm / 32.200mm | D40: DNV-ST-F101-2021 x 450 SFDU | E40: 26.4.002123 | F40: 800232.V | G40: 112437/1.V | H40: 12450 | I40: 1 | J40: 5021701 | K40: 26.4.002121 | L40: 800232.V | M40: 112441/2.V | N40: 12180 | O40: EC | P40: PU | Q40: SEL | R40: SI | S40: SE | T40: U1 | W40: SMS | X40: EX2 | Z40: TH | AA40: UTPA | AB40: UTMAN | AC40: UE | AD40: RX | AE40: LIMAB | AF40: IF1 | AG40: IF2 | AH40: PM | AI40: BA
A41: 39 | B41: 5021701 | C41: 609.600mm / 32.200mm | D41: DNV-ST-F101-2021 x 450 SFDU | E41: 26.4.002124 | F41: 800232.V | G41: 112436/2.V | H41: 12450 | I41: 1 | J41: 5021701 | K41: 26.4.002122 | L41: 800232.V | M41: 112434/2.V | N41: 12430 | O41: EC | P41: PU | Q41: SEL | R41: SI | S41: SE | T41: U1 | W41: SMS | X41: EX2 | Z41: TH | AA41: UTPA | AB41: UTMAN | AC41: UE | AD41: RX | AE41: LIMAB | AF41: IF1 | AG41: IF2 | AH41: PM | AI41: BA
A42: 40 | B42: 5021701 | C42: 609.600mm / 32.200mm | D42: DNV-ST-F101-2021 x 450 SFDU | E42: 26.4.002125 | F42: 800232.V | G42: 112442/1.V | H42: 12450 | I42: 1 | J42: 5021701 | K42: 26.4.002123 | L42: 800232.V | M42: 112437/1.V | N42: 12430 | O42: EC | P42: PU | Q42: SEL | R42: SI | S42: SE | T42: U1 | W42: SMS | X42: EX2 | Z42: TH | AA42: UTPA | AB42: UTMAN | AC42: UE | AD42: RX | AE42: LIMAB | AF42: IF1 | AG42: IF2 | AH42: PM | AI42: BA
A43: 41 | B43: 5021701 | C43: 609.600mm / 32.200mm | D43: DNV-ST-F101-2021 x 450 SFDU | E43: 26.4.002104 | F43: 800229.V | G43: 112429/1.V | H43: 12430 | I43: 1 | J43: 5021701 | K43: 26.4.002124 | L43: 800232.V | M43: 112436/2.V | N43: 12430 | O43: EC | P43: PU | Q43: SEL | R43: SI | S43: SE | T43: U1 | W43: SMS | X43: EX2 | Z43: TH | AA43: UTPA | AB43: UTMAN | AC43: UE | AD43: RX | AE43: LIMAB | AF43: IF1 | AG43: IF2 | AH43: PM | AI43: BA
... A46: 44 | B46: 5021701 | C46: 609.600mm / 32.200mm | D46: DNV-ST-F101-2021 x 450 SFDU | E46: 26.4.002129 | F46: 800232.V | G46: 112433/2.V | H46: 12450 | I46: 1 | J46: 5021701 | K46: 26.4.002127 | L46: 800232.V | M46: 112436/1.V | N46: 12440 | O46: EC | P46: PU | Q46: SEL | R46: SI | S46: SE | T46: U1 | W46: SMS | X46: EX2 | Z46: TH | AA46: UTPA | AB46: UTMAN | AC46: UE | AD46: RX | AE46: LIMAB | AF46: IF1 | AG46: IF2 | AH46: PM | AI46: BA
A47: 45 | B47: 5021701 | C47: 609.600mm / 32.200mm | D47: DNV-ST-F101-2021 x 450 SFDU | E47: 26.4.002130 | F47: 800232.V | G47: 112444/1.V | H47: 12450 | I47: 1 | J47: 5021701 | K47: 26.4.002128 | L47: 800232.V | M47: 112434/1.V | N47: 12470 | O47: EC | P47: PU | Q47: SEL | R47: SI | S47: SE | T47: U1 | U47: FL | W47: SMS | X47: EX2 | Z47: TH | AA47: UTPA
A48: 46 | B48: 5021701 | C48: 609.600mm / 32.200mm | D48: DNV-ST-F101-2021 x 450 SFDU | E48: 26.4.002131 | F48: 800232.V | G48: 112438/1.V | H48: 12450 | I48: 1 | J48: 5021701 | K48: 26.4.002129 | L48: 800232.V | M48: 112433/2.V | N48: 12210 | O48: EC | P48: PU | Q48: SEL | R48: SI | S48: SE | T48: U1 | W48: SMS | X48: EX2 | Z48: TH | AA48: UTPA | AB48: UTMAN | AC48: UE | AD48: RX | AE48: LIMAB | AF48: IF1 | AG48: IF2 | AH48: PM | AI48: BA
A49: 47 | B49: 5021701 | C49: 609.600mm / 32.200mm | D49: DNV-ST-F101-2021 x 450 SFDU | E49: 26.4.002132 | F49: 800232.V | G49: 112440/2.V | H49: 12450 | I49: 1 | J49: 5021701 | K49: 26.4.002130 | L49: 800232.V | M49: 112444/1.V | N49: 12430 | O49: EC | P49: PU | Q49: SEL | R49: SI | S49: SE | T49: U1 | W49: SMS | X49: EX2 | Z49: TH | AA49: UTPA | AB49: UTMAN | AC49: UE | AD49: RX | AE49: LIMAB | AF49: IF1 | AG49: IF2 | AH49: PM | AI49: BA
A50: 48 | B50: 5021701 | C50: 609.600mm / 32.200mm | D50: DNV-ST-F101-2021 x 450 SFDU | E50: 26.4.002133 | F50: 800232.V | G50: 112441/1.V | H50: 12450 | I50: 1 | J50: 5021701 | K50: 26.4.002131 | L50: 800232.V | M50: 112438/1.V | N50: 12020 | O50: EC | P50: PU | Q50: SEL | R50: SI | S50: SE | T50: U1 | W50: SMS | X50: EX2 | Z50: TH | AA50: UTPA | AB50: UTMAN | AC50: UE | AD50: RX | AE50: LIMAB | AF50: IF1 | AG50: IF2 | AH50: PM | AI50: BA
A51: 49 | B51: 5021701 | C51: 609.600mm / 32.200mm | D51: DNV-ST-F101-2021 x 450 SFDU | E51: 26.4.002134 | F51: 800232.V | G51: 112443/2.V | H51: 12450 | I51: 1 | J51: 5021701 | K51: 26.4.002132 | L51: 800232.V | M51: 112440/2.V | N51: 12440 | O51: EC | P51: PU | Q51: SEL | R51: SI | S51: SE | T51: U1 | W51: SMS | X51: EX2 | Z51: TH | AA51: UTPA | AB51: UTMAN | AC51: UE | AD51: RX | AE51: LIMAB | AF51: IF1 | AG51: IF2 | AH51: PM | AI51: BA
A52: 50 | B52: 5021701 | C52: 609.600mm / 32.200mm | D52: DNV-ST-F101-2021 x 450 SFDU | E52: 26.4.002135 | F52: 800232.V | G52: 112445/2.V | H52: 12450 | I52: 1 | J52: 5021701 | K52: 26.4.002133 | L52: 800232.V | M52: 112441/1.V | N52: 12430 | O52: EC | P52: PU | Q52: SEL | R52: SI | S52: SE | T52: U1 | W52: SMS | X52: EX2 | Z52: TH | AA52: UTPA | AB52: UTMAN | AC52: UE | AD52: RX | AE52: LIMAB | AF52: IF1 | AG52: IF2 | AH52: PM | AI52: BA
A53: 51 | B53: 5021701 | C53: 609.600mm / 32.200mm | D53: DNV-ST-F101-2021 x 450 SFDU | E53: 26.4.002136 | F53: 800232.V | G53: 112435/1.V | H53: 12450 | I53: 1 | J53: 5021701 | K53: 26.4.008019 | L53: 780995.V | M53: 118310/2.V | N53: 12460 | O53: EC | P53: PU | Q53: SEL | R53: SI | S53: SE | T53: U1 | X53: EX2 | Z53: TH
A54: 52 | B54: 5021701 | C54: 609.600mm / 32.200mm | D54: DNV-ST-F101-2021 x 450 SFDU | E54: 26.4.002137 | F54: 800232.V | G54: 112445/1.V | H54: 12450 | I54: 1 | J54: 5021701 | K54: 26.4.002135 | L54: 800232.V | M54: 112445/2.V | N54: 12440 | O54: EC | P54: PU | Q54: SEL | R54: SI | S54: SE | T54: U1 | W54: SMS | X54: EX2 | Z54: TH | AA54: UTPA | AB54: UTMAN | AC54: UE | AD54: RX | AE54: LIMAB | AF54: IF1 | AG54: IF2 | AH54: PM | AI54: BA
A55: 53 | B55: 5021701 | C55: 609.600mm / 32.200mm | D55: DNV-ST-F101-2021 x 450 SFDU | E55: 26.4.002138 | F55: 800232.V | G55: 112440/1.V | H55: 12450 | I55: 1 | J55: 5021701 | K55: 26.4.002136 | L55: 800232.V | M55: 112435/1.V | N55: 12430 | O55: EC | P55: PU | Q55: SEL | R55: SI | S55: SE | T55: U1 | W55: SMS | X55: EX2 | Z55: TH | AA55: UTPA | AB55: UTMAN | AC55: UE | AD55: RX | AE55: LIMAB | AF55: IF1 | AG55: IF2 | AH55: PM | AI55: BA
A56: 54 | B56: 5021701 | C56: 609.600mm / 32.200mm | D56: DNV-ST-F101-2021 x 450 SFDU | E56: 26.4.002139 | F56: 800232.V | G56: 112435/2.V | H56: 12450 | I56: 1 | J56: 5021701 | K56: 26.4.002137 | L56: 800232.V | M56: 112445/1.V | N56: 12430 | O56: EC | P56: PU | Q56: SEL | R56: SI | S56: SE | T56: U1 | W56: SMS | X56: EX2 | Z56: TH | AA56: UTPA | AB56: UTMAN | AC56: UE | AD56: RX | AE56: LIMAB | AF56: IF1 | AG56: IF2 | AH56: PM | AI56: BA
A57: 55 | B57: 5021701 | C57: 609.600mm / 32.200mm | D57: DNV-ST-F101-2021 x 450 SFDU | E57: 26.4.002140 | F57: 800232.V | G57: 112439/2.V | H57: 12450 | I57: 1 | J57: 5021701 | K57: 26.4.002138 | L57: 800232.V | M57: 112440/1.V | N57: 12420 | O57: EC | P57: PU | Q57: SEL | R57: SI | S57: SE | T57: U1 | W57: SMS | X57: EX2 | Z57: TH | AA57: UTPA | AB57: UTMAN | AC57: UE | AD57: RX | AE57: LIMAB | AF57: IF1 | AG57: IF2 | AH57: PM | AI57: BA
A58: 56 | B58: 5021701 | C58: 609.600mm / 32.200mm | D58: DNV-ST-F101-2021 x 450 SFDU | E58: 26.4.002141 | F58: 800232.V | G58: 112438/2.V | H58: 12450 | I58: 1 | J58: 5021701 | K58: 26.4.002139 | L58: 800232.V | M58: 112435/2.V | N58: 12310 | O58: EC | P58: PU | Q58: SEL | R58: SI | S58: SE | T58: U1 | W58: SMS | X58: EX2 | Z58: TH | AA58: UTPA | AB58: UTMAN | AC58: UE | AD58: RX | AE58: LIMAB | AF58: IF1 | AG58: IF2 | AH58: PM | AI58: BA
A59: 57 | B59: 5021701 | C59: 609.600mm / 32.200mm | D59: DNV-ST-F101-2021 x 450 SFDU | E59: 26.4.002142 | F59: 800232.V | G59: 112443/1.V | H59: 12450 | I59: 1 | J59: 5021701 | K59: 26.4.002140 | L59: 800232.V | M59: 112439/2.V | N59: 11970 | O59: EC | P59: PU | Q59: SEL | R59: SI | S59: SE | T59: U1 | W59: SMS | X59: EX2 | Z59: TH | AA59: UTPA | AB59: UTMAN | AC59: UE | AD59: RX | AE59: LIMAB | AF59: IF1 | AG59: IF2 | AH59: PM | AI59: BA
A60: 58 | B60: 5021701 | C60: 609.600mm / 32.200mm | D60: DNV-ST-F101-2021 x 450 SFDU | E60: 26.4.002143 | F60: 800232.V | G60: 112442/2.V | H60: 12450 | I60: 1 | J60: 5021701 | K60: 26.4.002093 | L60: 800229.V | M60: 112425/2.V | N60: 12440 | O60: EC | P60: PU | Q60: SEL | R60: SI | S60: SE | T60: U1 | W60: SMS | X60: EX2 | Z60: TH | AA60: UTPA | AB60: UTMAN | AC60: UE | AD60: RX | AE60: LIMAB | AF60: IF1 | AG60: IF2 | AH60: PM | AI60: BA
A61: 59 | B61: 5021701 | C61: 609.600mm / 32.200mm | D61: DNV-ST-F101-2021 x 450 SFDU | E61: 26.4.002144 | F61: 800233.V | G61: 112484/2.V | H61: 12470 | I61: 1 | J61: 5021701 | K61: 26.4.002110 | L61: 800229.V | M61: 112423/1.V | N61: 12300 | O61: EC | P61: PU | Q61: SEL | R61: SI | S61: SE | T61: U1 | W61: SMS | X61: EX2 | Z61: TH | AA61: UTPA | AB61: UTMAN | AC61: UE | AD61: RX | AE61: LIMAB | AF61: IF1 | AG61: IF2 | AH61: PM | AI61: BA
A62: 60 | B62: 5021701 | C62: 609.600mm / 32.200mm | D62: DNV-ST-F101-2021 x 450 SFDU | E62: 26.4.002145 | F62: 800233.V | G62: 112486/1.V | H62: 12470 | I62: 1 | J62: 5021701 | K62: 26.4.002146 | L62: 800233.V | M62: 112484/1.V | N62: 12420 | O62: EC | P62: PU | Q62: SEL | R62: SI | S62: SE | T62: U1 | W62: SMS | X62: EX2 | Z62: TH | AA62: UTPA | AB62: UTMAN | AC62: UE | AD62: RX | AE62: LIMAB | AF62: IF1 | AG62: IF2 | AH62: PM | AI62: BA
A63: 61 | B63: 5021701 | C63: 609.600mm / 32.200mm | D63: DNV-ST-F101-2021 x 450 SFDU | E63: 26.4.002146 | F63: 800233.V | G63: 112484/1.V | H63: 12450 | I63: 1 | J63: 5021701 | K63: 26.4.002145 | L63: 800233.V | M63: 112486/1.V | N63: 12430 | O63: EC | P63: PU | Q63: SEL | R63: SI | S63: SE | T63: U1 | W63: SMS | X63: EX2 | Z63: TH | AA63: UTPA | AB63: UTMAN | AC63: UE | AD63: RX | AE63: LIMAB | AF63: IF1 | AG63: IF2 | AH63: PM | AI63: BA
A64: 62 | B64: 5021701 | C64: 609.600mm / 32.200mm | D64: DNV-ST-F101-2021 x 450 SFDU | E64: 26.4.002091 | F64: 800229.V | G64: 112431/2.V | H64: 12360 | I64: 1 | J64: 5021701 | K64: 26.4.002109 | L64: 800229.V | M64: 112428/2.V | N64: 12430 | O64: EC | P64: PU | Q64: SEL | R64: SI | S64: SE | T64: U1 | W64: SMS | X64: EX2 | Z64: TH | AA64: UTPA | AB64: UTMAN | AC64: UE | AD64: RX | AE64: LIMAB | AF64: IF1 | AG64: IF2 | AH64: PM | AI64: BA
A65: 63 | B65: 5021701 | C65: 609.600mm / 32.200mm | D65: DNV-ST-F101-2021 x 450 SFDU | E65: 26.4.002148 | F65: 800233.V | G65: 112490/2.V | H65: 12450 | I65: 1 | J65: 5021701 | K65: 26.4.002092 | L65: 800229.V | M65: 112424/1.V | N65: 12320 | O65: EC | P65: PU | Q65: SEL | R65: SI | S65: SE | T65: U1 | W65: SMS | X65: EX2 | Z65: TH | AA65: UTPA | AB65: UTMAN | AC65: UE | AD65: RX | AE65: LIMAB | AF65: IF1 | AG65: IF2 | AH65: PM | AI65: BA
... A70: 68 | B70: 5021701 | C70: 609.600mm / 32.200mm | D70: DNV-ST-F101-2021 x 450 SFDU | E70: 26.4.002153 | F70: 800233.V | G70: 112486/2.V | H70: 12450 | I70: 1 | J70: 5021701 | K70: 26.4.002151 | L70: 800233.V | M70: 112485/1.V | N70: 12320 | O70: EC | P70: PU | Q70: SEL | R70: SI | S70: SE | T70: U1 | W70: SMS | X70: EX2 | Z70: TH | AA70: UTPA | AB70: UTMAN | AC70: UE | AD70: RX | AE70: LIMAB | AF70: IF1 | AG70: IF2 | AH70: PM | AI70: BA
A71: 69 | B71: 5021701 | C71: 609.600mm / 32.200mm | D71: DNV-ST-F101-2021 x 450 SFDU | E71: 26.4.002154 | F71: 780325.V | G71: 112403/1.V | H71: 12470 | I71: 1 | J71: 5021701 | K71: 26.4.002152 | L71: 800233.V | M71: 112489/2.V | N71: 12170 | O71: EC | P71: PU | Q71: SEL | R71: SI | S71: SE | T71: U1 | W71: SMS | X71: EX2 | Z71: TH | AA71: UTPA | AB71: UTMAN
A72: 70 | B72: 5021701 | C72: 609.600mm / 32.200mm | D72: DNV-ST-F101-2021 x 450 SFDU | E72: 26.4.002155 | F72: 780325.V | G72: 112405/2.V | H72: 12450 | I72: 1 | J72: 5021701 | K72: 26.4.002153 | L72: 800233.V | M72: 112486/2.V | N72: 12440 | O72: EC | P72: PU | Q72: SEL | R72: SI | S72: SE | T72: U1 | W72: SMS | X72: EX2 | Z72: TH | AA72: UTPA | AB72: UTMAN | AC72: UE | AD72: RX | AE72: LIMAB | AF72: IF1 | AG72: IF2 | AH72: PM | AI72: BA
A73: 71 | B73: 5021701 | C73: 609.600mm / 32.200mm | D73: DNV-ST-F101-2021 x 450 SFDU | E73: 26.4.002156 | F73: 780325.V | G73: 112409/2.V | H73: 12040 | I73: 1 | J73: 5021701 | K73: 26.4.002154 | L73: 780325.V | M73: 112403/1.V | N73: 12440 | O73: EC | P73: PU | Q73: SEL | R73: SI | S73: SE | T73: U1 | W73: SMS | X73: EX2 | Z73: TH | AA73: UTPA | AB73: UTMAN | AC73: UE | AD73: RX | AE73: LIMAB | AF73: IF1 | AG73: IF2 | AH73: PM | AI73: BA
A74: 72 | B74: 5021701 | C74: 609.600mm / 32.200mm | D74: DNV-ST-F101-2021 x 450 SFDU | E74: 26.4.002157 | F74: 780325.V | G74: 112406/2.V | H74: 12480 | I74: 1 | J74: 5021701 | K74: 26.4.002155 | L74: 780325.V | M74: 112405/2.V | N74: 12240 | O74: EC | P74: PU | Q74: SEL | R74: SI | S74: SE | T74: U1 | W74: SMS | X74: EX2 | Z74: TH | AA74: UTPA | AB74: UTMAN | AC74: UE | AD74: RX | AE74: LIMAB | AF74: IF1 | AG74: IF2 | AH74: PM | AI74: BA
A75: 73 | B75: 5021701 | C75: 609.600mm / 32.200mm | D75: DNV-ST-F101-2021 x 450 SFDU | E75: 26.4.002158 | F75: 780325.V | G75: 112407/2.V | H75: 12450 | I75: 1 | J75: 5021701 | K75: 26.4.002157 | L75: 780325.V | M75: 112406/2.V | N75: 12170 | O75: EC | P75: PU | Q75: SEL | R75: SI | S75: SE | T75: U1 | W75: SMS | X75: EX2 | Z75: TH | AA75: UTPA | AB75: UTMAN | AC75: UE | AD75: RX | AE75: LIMAB | AF75: IF1 | AG75: IF2 | AH75: PM | AI75: BA
A76: 74 | B76: 5021701 | C76: 609.600mm / 32.200mm | D76: DNV-ST-F101-2021 x 450 SFDU | E76: 26.4.002159 | F76: 780325.V | G76: 112405/1.V | H76: 12450 | I76: 1 | J76: 5021701 | K76: 26.4.007883 | L76: 800957.V | M76: 119862/2.V | N76: 12470 | O76: EC | P76: PU | Q76: SEL | R76: SI | S76: SE | T76: U1 | W76: SMS | X76: EX2 | Z76: TH | AA76: UTPA | AB76: UTMAN | AC76: UE | AD76: RX | AE76: LIMAB | AF76: IF1
A77: 75 | B77: 5021701 | C77: 609.600mm / 32.200mm | D77: DNV-ST-F101-2021 x 450 SFDU | E77: 26.4.002160 | F77: 780325.V | G77: 112397/2.V | H77: 12450 | I77: 1 | J77: 5021701 | K77: 26.4.002159 | L77: 780325.V | M77: 112405/1.V | N77: 12440 | O77: EC | P77: PU | Q77: SEL | R77: SI | S77: SE | T77: U1 | W77: SMS | X77: EX2 | Z77: TH | AA77: UTPA | AB77: UTMAN | AC77: UE | AD77: RX | AE77: LIMAB | AF77: IF1 | AG77: IF2 | AH77: PM | AI77: BA
A78: 76 | B78: 5021701 | C78: 609.600mm / 32.200mm | D78: DNV-ST-F101-2021 x 450 SFDU | E78: 26.4.002161 | F78: 780325.V | G78: 112404/2.V | H78: 12450 | I78: 1 | J78: 5021701 | K78: 26.4.002160 | L78: 780325.V | M78: 112397/2.V | N78: 12330 | O78: EC | P78: PU | Q78: SEL | R78: SI | S78: SE | T78: U1 | W78: SMS | X78: EX2 | Z78: TH | AA78: UTPA | AB78: UTMAN | AC78: UE | AD78: RX | AE78: LIMAB | AF78: IF1 | AG78: IF2 | AH78: PM | AI78: BA
A79: 77 | B79: 5021701 | C79: 609.600mm / 32.200mm | D79: DNV-ST-F101-2021 x 450 SFDU | E79: 26.4.002162 | F79: 800233.V | G79: 112488/1.V | H79: 12450 | I79: 1 | J79: 5021701 | K79: 26.4.002161 | L79: 780325.V | M79: 112404/2.V | N79: 12230 | O79: EC | P79: PU | Q79: SEL | R79: SI | S79: SE | T79: U1 | W79: SMS | X79: EX2 | Z79: TH | AA79: UTPA | AB79: UTMAN | AC79: UE | AD79: RX | AE79: LIMAB | AF79: IF1 | AG79: IF2 | AH79: PM | AI79: BA
A80: 78 | B80: 5021701 | C80: 609.600mm / 32.200mm | D80: DNV-ST-F101-2021 x 450 SFDU | E80: 26.4.002163 | F80: 780325.V | G80: 112404/1.V | H80: 12450 | I80: 1 | J80: 5021701 | K80: 26.4.002162 | L80: 800233.V | M80: 112488/1.V | N80: 12430 | O80: EC | P80: PU | Q80: SEL | R80: SI | S80: SE | T80: U1 | U80: FL | W80: SMS | X80: EX2 | Z80: TH | AA80: UTPA | AB80: UTMAN | AC80: UE | AD80: RX | AE80: LIMAB | AF80: IF1 | AG80: IF2 | AH80: PM | AI80: BA
A81: 79 | B81: 5021701 | C81: 609.600mm / 32.200mm | D81: DNV-ST-F101-2021 x 450 SFDU | E81: 26.4.002164 | F81: 780325.V | G81: 112408/1.V | H81: 12450 | I81: 1 | J81: 5021701 | K81: 26.4.002163 | L81: 780325.V | M81: 112404/1.V | N81: 12420 | O81: EC | P81: PU | Q81: SEL | R81: SI | S81: SE | T81: U1 | W81: SMS | X81: EX2 | Z81: TH | AA81: UTPA | AB81: UTMAN | AC81: UE | AD81: RX | AE81: LIMAB | AF81: IF1 | AG81: IF2 | AH81: PM | AI81: BA
A82: 80 | B82: 5021701 | C82: 609.600mm / 32.200mm | D82: DNV-ST-F101-2021 x 450 SFDU | E82: 26.4.002165 | F82: 780325.V | G82: 112408/2.V | H82: 12450 | I82: 1 | J82: 5021701 | K82: 26.4.002164 | L82: 780325.V | M82: 112408/1.V | N82: 12440 | O82: EC | P82: PU | Q82: SEL | R82: SI | S82: SE | T82: U1 | W82: SMS | X82: EX2 | Z82: TH | AA82: UTPA | AB82: UTMAN | AC82: UE | AD82: RX | AE82: LIMAB | AF82: IF1 | AG82: IF2 | AH82: PM | AI82: BA
A83: 81 | B83: 5021701 | C83: 609.600mm / 32.200mm | D83: DNV-ST-F101-2021 x 450 SFDU | E83: 26.4.002166 | F83: 780325.V | G83: 112400/2.V | H83: 12450 | I83: 1 | J83: 5021701 | K83: 26.4.002165 | L83: 780325.V | M83: 112408/2.V | N83: 12440 | O83: EC | P83: PU | Q83: SEL | R83: SI | S83: SE | T83: U1 | W83: SMS | X83: EX2 | Z83: TH | AA83: UTPA | AB83: UTMAN | AC83: UE | AD83: RX | AE83: LIMAB | AF83: IF1 | AG83: IF2 | AH83: PM | AI83: BA
A84: 82 | B84: 5021701 | C84: 609.600mm / 32.200mm | D84: DNV-ST-F101-2021 x 450 SFDU | E84: 26.4.002167 | F84: 780325.V | G84: 112399/2.V | H84: 12450 | I84: 1 | J84: 5021701 | K84: 26.4.002166 | L84: 780325.V | M84: 112400/2.V | N84: 12430 | O84: EC | P84: PU | Q84: SEL | R84: SI | S84: SE | T84: U1 | W84: SMS | X84: EX2 | Z84: TH | AA84: UTPA | AB84: UTMAN | AC84: UE | AD84: RX | AE84: LIMAB | AF84: IF1 | AG84: IF2 | AH84: PM | AI84: BA
A85: 83 | B85: 5021701 | C85: 609.600mm / 32.200mm | D85: DNV-ST-F101-2021 x 450 SFDU | E85: 26.4.002168 | F85: 780325.V | G85: 112401/2.V | H85: 12450 | I85: 1 | J85: 5021701 | K85: 26.4.002167 | L85: 780325.V | M85: 112399/2.V | N85: 12320 | O85: EC | P85: PU | Q85: SEL | R85: SI | S85: SE | T85: U1 | W85: SMS | X85: EX2 | Z85: TH | AA85: UTPA | AB85: UTMAN | AC85: UE | AD85: RX | AE85: LIMAB | AF85: IF1 | AG85: IF2 | AH85: PM | AI85: BA
A86: 84 | B86: 5021701 | C86: 609.600mm / 32.200mm | D86: DNV-ST-F101-2021 x 450 SFDU | E86: 26.4.002126 | F86: 800232.V | G86: 112439/1.V | H86: 12450 | I86: 1 | J86: 5021701 | K86: 26.4.002168 | L86: 780325.V | M86: 112401/2.V | N86: 12430 | O86: EC | P86: PU | Q86: SEL | R86: SI | S86: SE | T86: U1 | W86: SMS | X86: EX2 | Z86: TH | AA86: UTPA | AB86: UTMAN | AC86: UE | AD86: RX | AE86: LIMAB | AF86: IF1 | AG86: IF2 | AH86: PM | AI86: BA
A87: 85 | B87: 5021701 | C87: 609.600mm / 32.200mm | D87: DNV-ST-F101-2021 x 450 SFDU | E87: 26.4.002170 | F87: 780325.V | G87: 112403/2.V | H87: 12450 | I87: 1 | J87: 5021701 | K87: 26.4.002169 | L87: 780325.V | M87: 112406/1.V | N87: 12350 | O87: EC | P87: PU | Q87: SEL | R87: SI | S87: SE | T87: U1 | W87: SMS | X87: EX2 | Z87: TH | AA87: UTPA | AB87: UTMAN | AC87: UE | AD87: RX | AE87: LIMAB | AF87: IF1 | AG87: IF2 | AH87: PM | AI87: BA
A88: 86 | B88: 5021701 | C88: 609.600mm / 32.200mm | D88: DNV-ST-F101-2021 x 450 SFDU | E88: 26.4.002171 | F88: 780325.V | G88: 112401/1.V | H88: 12070 | I88: 1 | J88: 5021701 | K88: 26.4.002171 | L88: 780325.V | M88: 112401/1.V | N88: 12020 | O88: EC | P88: PU | Q88: SEL | R88: SI | S88: SE | T88: U1 | W88: SMS | X88: EX2 | Z88: TH | AA88: UTPA | AB88: UTMAN | AC88: UE | AD88: RX | AE88: LIMAB | AF88: IF1 | AG88: IF2 | AH88: PM | AI88: BA
A89: 87 | B89: 5021701 | C89: 609.600mm / 32.200mm | D89: DNV-ST-F101-2021 x 450 SFDU | E89: 26.4.002172 | F89: 780325.V | G89: 112402/2.V | H89: 12450 | I89: 1 | J89: 5021701 | K89: 26.4.002172 | L89: 780325.V | M89: 112402/2.V | N89: 12440 | O89: EC | P89: PU | Q89: SEL | R89: SI | S89: SE | T89: U1 | W89: SMS | X89: EX2 | Z89: TH | AA89: UTPA | AB89: UTMAN | AC89: UE | AD89: RX | AE89: LIMAB | AF89: IF1 | AG89: IF2 | AH89: PM | AI89: BA
A90: 88 | B90: 5021701 | C90: 609.600mm / 32.200mm | D90: DNV-ST-F101-2021 x 450 SFDU | E90: 26.4.002173 | F90: 780325.V | G90: 112399/1.V | H90: 12450 | I90: 1 | J90: 5021701 | K90: 26.4.002173 | L90: 780325.V | M90: 112399/1.V | N90: 12430 | O90: EC | P90: PU | Q90: SEL | R90: SI | S90: SE | T90: U1 | W90: SMS | X90: EX2 | Z90: TH | AA90: UTPA | AB90: UTMAN | AC90: UE | AD90: RX | AE90: LIMAB | AF90: IF1 | AG90: IF2 | AH90: PM | AI90: BA
A91: 89 | B91: 5021701 | C91: 609.600mm / 32.200mm | D91: DNV-ST-F101-2021 x 450 SFDU | E91: 26.4.002174 | F91: 974062.V | G91: 112482/1.V | H91: 12450 | I91: 1 | J91: 5021701 | K91: 26.4.002174 | L91: 974062.V | M91: 112482/1.V | N91: 12430 | O91: EC | P91: PU | Q91: SEL | R91: SI | S91: SE | T91: U1 | U91: FL | W91: SMS | X91: EX2 | Z91: TH | AA91: UTPA | AB91: UTMAN | AC91: UE | AD91: RX | AE91: LIMAB | AF91: IF1 | AG91: IF2 | AH91: PM | AI91: BA
A92: 90 | B92: 5021701 | C92: 609.600mm / 32.200mm | D92: DNV-ST-F101-2021 x 450 SFDU | E92: 26.4.002175 | F92: 974062.V | G92: 112470/2.V | H92: 12450 | I92: 1 | J92: 5021701 | K92: 26.4.007750 | L92: 801208.V | M92: 122030/1A.V | N92: 12460 | O92: EC | P92: PU | Q92: SEL | R92: SI | S92: SE | T92: U1 | W92: SMS | X92: EX2 | Z92: TH | AA92: UTPA | AB92: UTMAN | AC92: UE | AD92: RX | AE92: LIMAB | AF92: IF1
A93: 91 | B93: 5021701 | C93: 609.600mm / 32.200mm | D93: DNV-ST-F101-2021 x 450 SFDU | E93: 26.4.002176 | F93: 974062.V | G93: 112478/1.V | H93: 12460 | I93: 1 | J93: 5021701 | K93: 26.4.002176 | L93: 974062.V | M93: 112478/1.V | N93: 12230 | O93: EC | P93: PU | Q93: SEL | R93: SI | S93: SE | T93: U1 | W93: SMS | X93: EX2 | Z93: TH | AA93: UTPA | AB93: UTMAN | AC93: UE | AD93: RX | AE93: LIMAB | AF93: IF1 | AG93: IF2 | AH93: PM | AI93: BA
A94: 92 | B94: 5021701 | C94: 609.600mm / 32.200mm | D94: DNV-ST-F101-2021 x 450 SFDU | E94: 26.4.002177 | F94: 974062.V | G94: 112481/2.V | H94: 12460 | I94: 1 | J94: 5021701 | K94: 26.4.002177 | L94: 974062.V | M94: 112481/2.V | N94: 12440 | O94: EC | P94: PU | Q94: SEL | R94: SI | S94: SE | T94: U1 | U94: FL | W94: SMS | X94: EX2 | Z94: TH | AA94: UTPA | AB94: UTMAN | AC94: UE | AD94: RX | AE94: LIMAB | AF94: IF1 | AG94: IF2 | AH94: PM | AI94: BA
A95: 93 | B95: 5021701 | C95: 609.600mm / 32.200mm | D95: DNV-ST-F101-2021 x 450 SFDU | E95: 26.4.002178 | F95: 800223.V | G95: 112461/2.V | H95: 12450 | I95: 1 | J95: 5021701 | K95: 26.4.002178 | L95: 800223.V | M95: 112461/2.V | N95: 12440 | O95: EC | P95: PU | Q95: SEL | R95: SI | S95: SE | T95: U1 | W95: SMS | X95: EX2 | Z95: TH | AA95: UTPA | AB95: UTMAN | AC95: UE | AD95: RX | AE95: LIMAB | AF95: IF1 | AG95: IF2 | AH95: PM | AI95: BA
A96: 94 | B96: 5021701 | C96: 609.600mm / 32.200mm | D96: DNV-ST-F101-2021 x 450 SFDU | E96: 26.4.002179 | F96: 800223.V | G96: 112461/1.V | H96: 12460 | I96: 1 | J96: 5021701 | K96: 26.4.002180 | L96: 800223.V | M96: 112463/2.V | N96: 12430 | O96: EC | P96: PU | Q96: SEL | R96: SI | S96: SE | T96: U1 | W96: SMS | X96: EX2 | Z96: TH | AA96: UTPA | AB96: UTMAN | AC96: UE | AD96: RX | AE96: LIMAB | AF96: IF1 | AG96: IF2 | AH96: PM | AI96: BA
A97: 95 | B97: 5021701 | C97: 609.600mm / 32.200mm | D97: DNV-ST-F101-2021 x 450 SFDU | E97: 26.4.002180 | F97: 800223.V | G97: 112463/2.V | H97: 12450 | I97: 1 | J97: 5021701 | K97: 26.4.002181 | L97: 800223.V | M97: 112464/2.V | N97: 12440 | O97: EC | P97: PU | Q97: SEL | R97: SI | S97: SE | T97: U1 | W97: SMS | X97: EX2 | Z97: TH | AA97: UTPA | AB97: UTMAN | AC97: UE | AD97: RX | AE97: LIMAB | AF97: IF1 | AG97: IF2 | AH97: PM | AI97: BA
A98: 96 | B98: 5021701 | C98: 609.600mm / 32.200mm | D98: DNV-ST-F101-2021 x 450 SFDU | E98: 26.4.002181 | F98: 800223.V | G98: 112464/2.V | H98: 12460 | I98: 1 | J98: 5021701 | K98: 26.4.002182 | L98: 800223.V | M98: 112462/2.V | N98: 12450 | O98: EC | P98: PU | Q98: SEL | R98: SI | S98: SE | T98: U1 | W98: SMS | X98: EX2
A99: 97 | B99: 5021701 | C99: 609.600mm / 32.200mm | D99: DNV-ST-F101-2021 x 450 SFDU | E99: 26.4.002182 | F99: 800223.V | G99: 112462/2.V | H99: 12450 | I99: 1 | J99: 5021701 | K99: 26.4.002183 | L99: 800223.V | M99: 112458/2.V | N99: 12440 | O99: EC | P99: PU | Q99: SEL | R99: SI | S99: SE | T99: U1 | W99: SMS | X99: EX2 | Z99: TH | AA99: UTPA | AB99: UTMAN | AC99: UE | AD99: RX | AE99: LIMAB | AF99: IF1 | AG99: IF2 | AH99: PM | AI99: BA
A100: 98 | B100: 5021701 | C100: 609.600mm / 32.200mm | D100: DNV-ST-F101-2021 x 450 SFDU | E100: 26.4.002183 | F100: 800223.V | G100: 112458/2.V | H100: 12450 | I100: 1 | J100: 5021701 | K100: 26.4.002184 | L100: 800223.V | M100: 112464/1.V | N100: 12420 | O100: EC | P100: PU | Q100: SEL | R100: SI | S100: SE | T100: U1 | W100: SMS | X100: EX2 | Z100: TH | AA100: UTPA | AB100: UTMAN | AC100: UE | AD100: RX | AE100: LIMAB | AF100: IF1 | AG100: IF2 | AH100: PM | AI100: BA
A101: 99 | B101: 5021701 | C101: 609.600mm / 32.200mm | D101: DNV-ST-F101-2021 x 450 SFDU | E101: 26.4.002184 | F101: 800223.V | G101: 112464/1.V | H101: 12450 | I101: 1 | J101: 5021701 | K101: 26.4.002185 | L101: 800223.V | M101: 112463/1.V | N101: 12430 | O101: EC | P101: PU | Q101: SEL | R101: SI | S101: SE | T101: U1 | W101: SMS | X101: EX2 | Z101: TH | AA101: UTPA | AB101: UTMAN | AC101: UE | AD101: RX | AE101: LIMAB | AF101: IF1 | AG101: IF2 | AH101: PM | AI101: BA
A102: 100 | B102: 5021701 | C102: 609.600mm / 32.200mm | D102: DNV-ST-F101-2021 x 450 SFDU | E102: 26.4.002185 | F102: 800223.V | G102: 112463/1.V | H102: 12450 | I102: 1 | J102: 5021701 | K102: 26.4.002186 | L102: 800223.V | M102: 112454/2.V | N102: 12440 | O102: EC | P102: PU | Q102: SEL | R102: SI | S102: SE | T102: U1 | W102: SMS | X102: EX2 | Z102: TH | AA102: UTPA | AB102: UTMAN | AC102: UE | AD102: RX | AE102: LIMAB | AF102: IF1 | AG102: IF2 | AH102: PM | AI102: BA
A103: 101 | B103: 5021701 | C103: 609.600mm / 32.200mm | D103: DNV-ST-F101-2021 x 450 SFDU | E103: 26.4.002186 | F103: 800223.V | G103: 112454/2.V | H103: 12450 | I103: 1 | J103: 5021701 | K103: 26.4.002187 | L103: 800223.V | M103: 112458/1.V | N103: 12440 | O103: EC | P103: PU | Q103: SEL | R103: SI | S103: SE | T103: U1 | W103: SMS | X103: EX2 | Z103: TH | AA103: UTPA | AB103: UTMAN | AC103: UE | AD103: RX | AE103: LIMAB | AF103: IF1 | AG103: IF2 | AH103: PM | AI103: BA
A104: 102 | B104: 5021701 | C104: 609.600mm / 32.200mm | D104: DNV-ST-F101-2021 x 450 SFDU | E104: 26.4.002187 | F104: 800223.V | G104: 112458/1.V | H104: 12470 | I104: 1 | J104: 5021701 | K104: 26.4.002188 | L104: 800223.V | M104: 112455/2.V | N104: 12440 | O104: EC | P104: PU | Q104: SEL | R104: SI | S104: SE | T104: U1 | W104: SMS | X104: EX2 | Z104: TH | AA104: UTPA | AB104: UTMAN | AC104: UE | AD104: RX | AE104: LIMAB | AF104: IF1 | AG104: IF2 | AH104: PM | AI104: BA
A105: 103 | B105: 5021701 | C105: 609.600mm / 32.200mm | D105: DNV-ST-F101-2021 x 450 SFDU | E105: 26.4.002188 | F105: 800223.V | G105: 112455/2.V | H105: 12450 | I105: 1 | J105: 5021701 | K105: 26.4.002189 | L105: 800223.V | M105: 112456/1.V | N105: 12440 | O105: EC | P105: PU | Q105: SEL | R105: SI | S105: SE | T105: U1 | W105: SMS | X105: EX2 | Z105: TH | AA105: UTPA | AB105: UTMAN | AC105: UE | AD105: RX | AE105: LIMAB | AF105: IF1 | AG105: IF2 | AH105: PM | AI105: BA
A106: 104 | B106: 5021701 | C106: 609.600mm / 32.200mm | D106: DNV-ST-F101-2021 x 450 SFDU | E106: 26.4.002189 | F106: 800223.V | G106: 112456/1.V | H106: 12460 | I106: 1 | J106: 5021701 | K106: 26.4.002190 | L106: 800223.V | M106: 112454/1.V | N106: 12440 | O106: EC | P106: PU | Q106: SEL | R106: SI | S106: SE | T106: U1 | W106: SMS | X106: EX2 | Z106: TH | AA106: UTPA | AB106: UTMAN | AC106: UE | AD106: RX | AE106: LIMAB | AF106: IF1 | AG106: IF2 | AH106: PM | AI106: BA
...

Sheet Pivot
B4: PO 5021701 | J4: PO 5021701 Totale | K4: Totale complessivo
B5: 780325.V | C5: 800222.V | D5: 800223.V | E5: 800229.V | F5: 800232.V | G5: 800233.V | H5: 974058.V | I5: 974062.V
A6: ITP Steps.
A7: Incoming Plate | B7: 28 | C7: 15 | D7: 21 | E7: 21 | F7: 25 | G7: 16 | H7: 18 | I7: 26 | J7: 170 | K7: 170
A8: Pipe Forming | B8: 28 | C8: 15 | D8: 21 | E8: 21 | F8: 25 | G8: 16 | H8: 18 | I8: 26 | J8: 170 | K8: 170
A9: Tack Welding | B9: 28 | C9: 15 | D9: 21 | E9: 21 | F9: 25 | G9: 16 | H9: 18 | I9: 26 | J9: 170 | K9: 170
A10: ID SAWL | B10: 28 | C10: 15 | D10: 21 | E10: 21 | F10: 25 | G10: 16 | H10: 18 | I10: 26 | J10: 170 | K10: 170
A11: OD SAWL | B11: 28 | C11: 15 | D11: 21 | E11: 21 | F11: 25 | G11: 16 | H11: 18 | I11: 26 | J11: 170 | K11: 170
A12: AUT1 | B12: 28 | C12: 15 | D12: 21 | E12: 21 | F12: 25 | G12: 16 | H12: 18 | I12: 26 | J12: 170 | K12: 170
A13: Fluoroscopic | D13: 3 | E13: 1 | F13: 1 | G13: 1 | H13: 4 | I13: 2 | J13: 12 | K13: 12
A14: Welding Repair | C14: 2 | E14: 1 | H14: 1 | J14: 4 | K14: 4
A15: MCE1 | B15: 28 | C15: 13 | D15: 21 | E15: 20 | F15: 24 | G15: 16 | H15: 16 | I15: 26 | J15: 164 | K15: 164
A16: MCE2
A17: MCE Inspection | B17: 28 | C17: 13 | D17: 21 | E17: 20 | F17: 24 | G17: 16 | H17: 16 | I17: 26 | J17: 164 | K17: 164
A18: Straighness Re-work | B18: 1 | D18: 2 | E18: 2 | H18: 1 | J18: 6 | K18: 6
A19: Hydro Test | B19: 27 | C19: 13 | D19: 19 | E19: 18 | F19: 24 | G19: 16 | H19: 15 | I19: 26 | J19: 158 | K19: 158
A20: AUT2
A21: Phase Arr. | B21: 27 | C21: 13 | D21: 19 | E21: 18 | F21: 24 | G21: 16 | H21: 15 | I21: 26 | J21: 158 | K21: 158
A22: MUT_ | B22: 27 | C22: 13 | D22: 19 | E22: 18 | F22: 24 | G22: 16 | H22: 15 | I22: 26 | J22: 158 | K22: 158
A23: End UT | B23: 27 | C23: 13 | D23: 19 | E23: 17 | F23: 24 | G23: 16 | H23: 15 | I23: 26 | J23: 157 | K23: 157
A24: X-Ray | B24: 27 | C24: 13 | D24: 19 | E24: 16 | F24: 24 | G24: 16 | H24: 15 | I24: 26 | J24: 156 | K24: 156
A25: OoR Pipe Body | B25: 27 | C25: 13 | D25: 19 | E25: 16 | F25: 24 | G25: 16 | H25: 15 | I25: 26 | J25: 156 | K25: 156
A26: Dimensional 1 | B26: 25 | C26: 12 | D26: 18 | E26: 15 | F26: 24 | G26: 16 | H26: 15 | I26: 25 | J26: 150 | K26: 150
A27: Dimensional 2 | B27: 25 | C27: 12 | D27: 18 | E27: 15 | F27: 24 | G27: 16 | H27: 14 | I27: 25 | J27: 149 | K27: 149
A28: MPI | B28: 25 | C28: 12 | D28: 18 | E28: 15 | F28: 24 | G28: 16 | H28: 14 | I28: 25 | J28: 149 | K28: 149
A29: UT DHC | B29: 25 | C29: 12 | D29: 17 | E29: 15 | F29: 24 | G29: 16 | H29: 14 | I29: 24 | J29: 147 | K29: 147
A30: Final Marking and Weighing | B30: 25 | C30: 12 | D30: 18 | E30: 15 | F30: 24 | G30: 16 | H30: 14 | I30: 25 | J30: 149 | K30: 149

Sheet Chart

Sheet Repair
B2: 24OD x 1.268WT
B3: REPAIR TABLE
B4: DATE | C4: Shift | D4: Pipe Nº | E4: Defect | F4: Pipe Position (mm) | G4: Extension (mm) | H4: Remarks
B5: 46064 | C5: 1 | D5: 26.4.2089 | E5: Weld heigh bead below the specified | F5: 1200 | G5: 300
B6: 46072 | C6: 1 | D6: 26.4.2205 | E6: Slag Inclusion | F6: 1450 | G6: 100
B7: 46073 | C7: 1 | D7: 26.4.2207 | E7: Underfill | F7: 5510 | G7: 130
B8: 46074 | C8: 1 | D8: 26.4.2252 | E8: Stop/Start | F8: 2320 | G8: 200
B9: 46181 | C9: 1 | D9: 26.4.7866 | E9: Weld Fail | F9: 4600 | G9: 200
B10: 46181 | C10: 3 | D10: 26.4.7838 | E10: Weld Leak | F10: 2500 | G10: 200
B11: 46182 | C11: 1 | D11: 26.4.7840 | E11: Slag Inclusion | F11: 3360/5850 | G11: 150/100
B12: 46183 | C12: 1 | D12: 26.4.7888 | E12: Stop/Start | F12: 8190 | G12: 200
B13: 46183 | C13: 1 | D13: 26.4.7841 | E13: Stop/Start | F13: 2024 | G13: 200
B14: 46183 | C14: 1 | D14: 26.4.7986 | E14: Stop/Start | F14: 9770 | G14: 200
B15: 46183 | C15: 1 | D15: 26.4.7955 | E15: Underfill | F15: 3190 | G15: 150
B16: 46183 | C16: 1 | D16: 26.4.8007 | E16: Underfill | F16: 9100 | G16: 150
B17: 46183 | C17: 1 | D17: 26.4.8071 | E17: Stop/Start | F17: 2830 | G17: 200
B18: 46183 | C18: 3 | D18: 26.4.8118 | E18: Stop/Start | F18: 7340 | G18: 180
B19: 46183 | C19: 3 | D19: 26.4.8117 | E19: Stop/Start | F19: 3930 | G19: 170
B20: 46184 | C20: 3 | D20: 26.4.8219 | E20: Stop/Start | F20: 11900 | G20: 200
B21: 46185 | C21: 1 | D21: 24.6.8204 | E21: Stop/Start | F21: 6720 | G21: 250
B22: 46185 | C22: 3 | D22: 24.6.8231 | E22: Stop/Start | F22: 5900 | G22: 100

Sheet Rejection
B1: 24OD x 1.268WT
B2: REJECTION TABLE
B3: DATE | C3: Shift | D3: Pipe Nº | E3: Defect | F3: Remarks
B4: 46064 | C4: 1 | D4: 26.4.2095 | E4: Burn Through | F4: MPQT Pipe (NCR-001)
B5: 46076 | C5: 1 | D5: 26.4.2094 | E5: Pore | F5: 2350x50mm
B6: 46076 | C6: 1 | D6: 26.4.2250 | E6: WT Below Spec | F6: 8100x640mm
B7: 46091 | C7: 1 | D7: 26.4.2114 | E7: Heated over 3 times | F7: 3LPP Tenaris Internal Trials
B8: 46091 | C8: 1 | D8: 26.4.2185 | E8: Heated over 3 times | F8: 3LPP Tenaris Internal Trials
B9: 46091 | C9: 1 | D9: 26.4.2107 | E9: Heated over 3 times | F9: 3LPP Tenaris Internal Trials
B10: 46091 | C10: 1 | D10: 26.4.2145 | E10: Heated over 3 times | F10: 3LPP Tenaris Internal Trials
B11: 46091 | C11: 1 | D11: 26.4.2148 | E11: Heated over 3 times | F11: 3LPP Tenaris Internal Trials
B12: 46091 | C12: 1 | D12: 26.4.2144 | E12: Heated over 3 times | F12: 3LPP Tenaris Internal Trials
B13: 46091 | C13: 1 | D13: 26.4.2149 | E13: Heated over 3 times | F13: 3LPP Tenaris Internal Trials
B14: 46091 | C14: 1 | D14: 26.4.2180 | E14: Heated over 3 times | F14: 3LPP Tenaris Internal Trials
B15: 46091 | C15: 1 | D15: 26.4.2115 | E15: Heated over 3 times | F15: 3LPP Tenaris Internal Trials
... B23: 46184 | C23: 2 | D23: 26.4.8113 | E23: Tack Weld Parameter | F23: (NCR-009)
B24: 46185 | C24: 1 | D24: 26.4.7952 | E24: MCE Mark
B25: 46186 | C25: 3 | D25: 26.4.7773 | E25: Wall TKS Below the Spec.
